"DAMAGE:0","DAMAGE:1","DAMAGE:2","sigma:0","sigma:1","sigma:2","vtkValidPointMask","arc_length","Points:0","Points:1","Points:2"
nan,nan,nan,nan,nan,nan,0,0,0.5,0.000841,0
0.0011805,7.1387e-06,0,410.24,1071.6,0.023591,1,0.00099832,0.5,0.0018393,0
0.0011805,1.1013e-05,0,410.82,1071.8,-0.10921,1,0.0019966,0.5,0.0028376,0
0.0011805,1.4888e-05,0,410.85,1071.8,-0.11862,1,0.002995,0.5,0.003836,0
0.0011805,1.8763e-05,0,410.85,1071.8,-0.11862,1,0.0039933,0.5,0.0048343,0
0.0011805,2.2638e-05,0,410.85,1071.8,-0.11862,1,0.0049916,0.5,0.0058326,0
0.0011805,2.6513e-05,0,410.85,1071.8,-0.11862,1,0.0059899,0.5,0.0068309,0
0.0011805,3.0389e-05,0,410.83,1071.8,-0.11244,1,0.0069882,0.5,0.0078292,0
0.0011805,3.4265e-05,0,410.81,1071.7,-0.10206,1,0.0079865,0.5,0.0088275,0
0.0011805,3.8138e-05,0,410.79,1071.7,-0.091683,1,0.0089849,0.5,0.0098259,0
0.0011805,4.2012e-05,0,410.78,1071.7,-0.089132,1,0.0099832,0.5,0.010824,0
0.0011805,4.5886e-05,0,410.75,1071.6,-0.10155,1,0.010981,0.5,0.011822,0
0.0011805,4.9754e-05,0,410.55,1070.9,-0.19864,1,0.01198,0.5,0.012821,0
0.0011805,5.3623e-05,0,410.35,1070.1,-0.29572,1,0.012978,0.5,0.013819,0
0.0011805,5.7492e-05,0,410.15,1069.4,-0.39279,1,0.013976,0.5,0.014817,0
0.0011805,6.1358e-05,0,410.1,1069.2,-0.4178,1,0.014975,0.5,0.015816,0
0.0011805,6.5223e-05,0,410.1,1069.2,-0.4178,1,0.015973,0.5,0.016814,0
0.0011805,6.9092e-05,0,410.22,1069.4,-0.47605,1,0.016971,0.5,0.017812,0
0.0011805,7.2961e-05,0,410.36,1069.7,-0.54502,1,0.01797,0.5,0.018811,0
0.0011805,7.683e-05,0,410.5,1069.9,-0.61399,1,0.018968,0.5,0.019809,0
0.0011805,8.0699e-05,0,410.64,1070.2,-0.68296,1,0.019966,0.5,0.020807,0
0.0011805,8.4567e-05,0,410.69,1070.1,-0.73236,1,0.020965,0.5,0.021806,0
0.0011805,8.8427e-05,0,410.25,1068.6,-0.73037,1,0.021963,0.5,0.022804,0
0.0011806,9.2286e-05,0,409.81,1067.1,-0.72838,1,0.022961,0.5,0.023802,0
0.0011806,9.6145e-05,0,409.42,1065.7,-0.72659,1,0.02396,0.5,0.024801,0
0.0011806,9.9994e-05,0,409.42,1065.7,-0.72659,1,0.024958,0.5,0.025799,0
0.0011806,0.00010384,0,409.42,1065.7,-0.72659,1,0.025956,0.5,0.026797,0
0.0011806,0.00010769,0,409.42,1065.7,-0.72659,1,0.026955,0.5,0.027796,0
0.0011806,0.00011154,0,409.42,1065.7,-0.72659,1,0.027953,0.5,0.028794,0
0.0011806,0.0001154,0,409.52,1065.6,-0.665,1,0.028951,0.5,0.029792,0
0.0011806,0.00011926,0,409.76,1065.4,-0.37698,1,0.02995,0.5,0.030791,0
0.0011806,0.00012311,0,409.94,1065.1,-0.1777,1,0.030948,0.5,0.031789,0
0.0011806,0.00012694,0,409.73,1063.9,-0.66854,1,0.031946,0.5,0.032787,0
0.0011807,0.00013077,0,409.54,1062.8,-1.0436,1,0.032944,0.5,0.033785,0
0.0011807,0.00013461,0,409.47,1062.3,-1.051,1,0.033943,0.5,0.034784,0
0.0011807,0.00013845,0,409.47,1062.3,-1.051,1,0.034941,0.5,0.035782,0
0.0011807,0.00014228,0,409.47,1062.3,-1.051,1,0.035939,0.5,0.03678,0
0.0011807,0.00014612,0,409.47,1062.3,-1.051,1,0.036938,0.5,0.037779,0
0.0011807,0.00014996,0,409.49,1062.3,-1.0566,1,0.037936,0.5,0.038777,0
0.0011807,0.00015379,0,409.58,1062.3,-1.088,1,0.038934,0.5,0.039775,0
0.0011807,0.00015763,0,409.68,1062.4,-1.1194,1,0.039933,0.5,0.040774,0
0.0011807,0.00016147,0,409.47,1061.6,-0.96029,1,0.040931,0.5,0.041772,0
0.0011807,0.00016529,0,408.67,1059.1,-0.898,1,0.041929,0.5,0.04277,0
0.0011807,0.00016911,0,407.78,1056.4,-0.69414,1,0.042928,0.5,0.043769,0
0.0011808,0.00017293,0,407.45,1055.4,-0.61852,1,0.043926,0.5,0.044767,0
0.0011808,0.00017674,0,407.45,1055.4,-0.61852,1,0.044924,0.5,0.045765,0
0.0011808,0.00018055,0,407.62,1055.7,-0.37766,1,0.045923,0.5,0.046764,0
0.0011808,0.00018437,0,407.92,1056.2,0.062737,1,0.046921,0.5,0.047762,0
0.0011808,0.0001882,0,408.75,1057.6,0.73237,1,0.047919,0.5,0.04876,0
0.0011809,0.00019201,0,409.23,1058,0.95644,1,0.048918,0.5,0.049759,0
0.0011809,0.00019581,0,408.94,1056.5,0.45352,1,0.049916,0.5,0.050757,0
0.0011809,0.00019961,0,407.97,1053.9,0.35567,1,0.050914,0.5,0.051755,0
0.0011809,0.00020341,0,407.89,1053.5,-0.027505,1,0.051913,0.5,0.052754,0
0.001181,0.0002072,0,408.28,1054.2,-0.62295,1,0.052911,0.5,0.053752,0
0.001181,0.000211,0,408.37,1054.3,-0.76709,1,0.053909,0.5,0.05475,0
0.001181,0.00021481,0,408.37,1054.3,-0.76709,1,0.054907,0.5,0.055748,0
0.0011811,0.0002186,0,407.62,1051.8,-0.51597,1,0.055906,0.5,0.056747,0
0.0011811,0.00022238,0,406.73,1048.8,-0.21504,1,0.056904,0.5,0.057745,0
0.0011811,0.00022617,0,406.15,1046.4,0.11778,1,0.057902,0.5,0.058743,0
0.0011811,0.00022994,0,406.93,1047.2,0.44464,1,0.058901,0.5,0.059742,0
0.0011812,0.00023372,0,407.72,1048,0.77149,1,0.059899,0.5,0.06074,0
0.0011812,0.0002375,0,408.51,1048.7,1.0983,1,0.060897,0.5,0.061738,0
0.0011812,0.00024128,0,408.86,1049.1,1.2418,1,0.061896,0.5,0.062737,0
0.0011812,0.00024506,0,408.86,1049.1,1.2418,1,0.062894,0.5,0.063735,0
0.0011813,0.00024882,0,407.53,1045.6,1.4953,1,0.063892,0.5,0.064733,0
0.0011813,0.00025258,0,405.79,1041.1,1.8289,1,0.064891,0.5,0.065732,0
0.0011813,0.00025634,0,404.53,1037.8,2.0695,1,0.065889,0.5,0.06673,0
0.0011814,0.00026008,0,404.53,1037.8,2.0695,1,0.066887,0.5,0.067728,0
0.0011814,0.00026381,0,404.48,1037.3,2.0645,1,0.067886,0.5,0.068727,0
0.0011814,0.00026755,0,404.39,1036.5,2.0559,1,0.068884,0.5,0.069725,0
0.0011814,0.00027128,0,404.3,1035.8,2.0475,1,0.069882,0.5,0.070723,0
0.0011815,0.00027502,0,404.28,1035.7,2.0567,1,0.070881,0.5,0.071722,0
0.0011815,0.00027875,0,404.19,1035.6,2.0898,1,0.071879,0.5,0.07272,0
0.0011815,0.00028248,0,404.11,1035.4,2.1229,1,0.072877,0.5,0.073718,0
0.0011816,0.00028621,0,404.03,1035.3,2.1532,1,0.073876,0.5,0.074717,0
0.0011816,0.00028994,0,404.03,1035.3,2.1532,1,0.074874,0.5,0.075715,0
0.0011816,0.00029366,0,404.9,1034.3,2.3845,1,0.075872,0.5,0.076713,0
0.0011817,0.00029738,0,405.78,1033.4,2.6191,1,0.07687,0.5,0.077711,0
0.0011817,0.0003011,0,406.4,1032.7,2.7844,1,0.077869,0.5,0.07871,0
0.0011818,0.00030481,0,406.4,1032.7,2.7844,1,0.078867,0.5,0.079708,0
0.0011818,0.00030851,0,405.15,1029.8,2.8809,1,0.079865,0.5,0.080706,0
0.0011819,0.0003122,0,402.87,1024.5,3.0583,1,0.080864,0.5,0.081705,0
0.0011819,0.00031589,0,400.72,1019.5,3.2249,1,0.081862,0.5,0.082703,0
0.001182,0.00031956,0,400.72,1019.5,3.2249,1,0.08286,0.5,0.083701,0
0.001182,0.00032322,0,400.72,1019.5,3.2249,1,0.083859,0.5,0.0847,0
0.0011821,0.00032689,0,400.82,1019.6,3.1873,1,0.084857,0.5,0.085698,0
0.0011821,0.00033056,0,402.01,1020.6,2.7396,1,0.085855,0.5,0.086696,0
0.0011822,0.00033425,0,403.7,1022.9,2.9466,1,0.086854,0.5,0.087695,0
0.0011822,0.00033792,0,403.61,1021.6,3.2532,1,0.087852,0.5,0.088693,0
0.0011823,0.00034156,0,401.37,1015.5,2.6318,1,0.08885,0.5,0.089691,0
0.0011823,0.0003452,0,399.14,1009.5,2.0104,1,0.089849,0.5,0.09069,0
0.0011824,0.00034883,0,398.93,1008,2.5777,1,0.090847,0.5,0.091688,0
0.0011824,0.00035246,0,399.3,1008.8,3.3987,1,0.091845,0.5,0.092686,0
0.0011825,0.0003561,0,399.66,1009.5,4.2197,1,0.092844,0.5,0.093685,0
0.0011825,0.00035973,0,400.03,1010.2,5.0403,1,0.093842,0.5,0.094683,0
0.0011826,0.00036336,0,400.39,1010.9,5.86,1,0.09484,0.5,0.095681,0
0.0011826,0.00036701,0,402.27,1013.9,6.9321,1,0.095839,0.5,0.09668,0
0.0011827,0.00037063,0,400.67,1009.1,7.3643,1,0.096837,0.5,0.097678,0
0.0011828,0.00037425,0,398.49,1003.2,7.128,1,0.097835,0.5,0.098676,0
0.0011828,0.00037788,0,396.31,997.26,6.8918,1,0.098833,0.5,0.099674,0
0.0011829,0.00038143,0,398.28,1001.4,8.2413,1,0.099832,0.5,0.10067,0
0.001183,0.000385,0,399.74,1004.4,8.7726,1,0.10083,0.5,0.10167,0
0.0011831,0.0003886,0,399.74,1004.4,8.7726,1,0.10183,0.5,0.10267,0
0.0011831,0.00039221,0,399.74,1004.4,8.7726,1,0.10283,0.5,0.10367,0
0.0011832,0.00039581,0,399.74,1004.4,8.7726,1,0.10383,0.5,0.10467,0
0.0011833,0.00039941,0,399.17,1003,8.8731,1,0.10482,0.5,0.10566,0
0.0011834,0.00040297,0,395.89,995.17,9.4474,1,0.10582,0.5,0.10666,0
0.0011834,0.00040653,0,392.62,987.32,10.022,1,0.10682,0.5,0.10766,0
0.0011835,0.00041008,0,390.46,982.16,10.399,1,0.10782,0.5,0.10866,0
0.0011836,0.00041361,0,390.76,982.48,10.269,1,0.10882,0.5,0.10966,0
0.0011837,0.00041715,0,392.61,984.44,9.4501,1,0.10981,0.5,0.11066,0
0.0011838,0.00042069,0,394.47,986.41,8.6312,1,0.11081,0.5,0.11165,0
0.0011839,0.00042422,0,396.32,988.38,7.8123,1,0.11181,0.5,0.11265,0
0.001184,0.00042776,0,398.18,990.35,6.9934,1,0.11281,0.5,0.11365,0
0.0011841,0.00043128,0,397.02,986.67,6.9332,1,0.11381,0.5,0.11465,0
0.0011842,0.00043479,0,393.91,979.03,7.2875,1,0.11481,0.5,0.11565,0
0.0011842,0.0004383,0,390.8,971.38,7.6418,1,0.1158,0.5,0.11665,0
0.0011843,0.00044179,0,389.81,968.97,7.7537,1,0.1168,0.5,0.11764,0
0.0011844,0.00044525,0,389.81,968.97,7.7537,1,0.1178,0.5,0.11864,0
0.0011845,0.00044873,0,389.87,969.14,7.9535,1,0.1188,0.5,0.11964,0
0.0011847,0.00045222,0,390.17,970.2,9.1279,1,0.1198,0.5,0.12064,0
0.0011847,0.00045572,0,391.02,972.15,10.693,1,0.1208,0.5,0.12164,0
0.0011848,0.00045925,0,393.62,976.92,13.491,1,0.12179,0.5,0.12264,0
0.0011849,0.00046269,0,391,968.97,12.81,1,0.12279,0.5,0.12363,0
0.0011851,0.00046612,0,389.16,963.39,12.77,1,0.12379,0.5,0.12463,0
0.0011852,0.00046955,0,388.71,961.91,13.845,1,0.12479,0.5,0.12563,0
0.0011853,0.00047298,0,388.62,961.89,15.163,1,0.12579,0.5,0.12663,0
0.0011854,0.00047641,0,389.01,963.79,16.795,1,0.12679,0.5,0.12763,0
0.0011855,0.00047984,0,389.39,965.64,18.388,1,0.12778,0.5,0.12863,0
0.0011856,0.00048329,0,389.39,965.64,18.388,1,0.12878,0.5,0.12962,0
0.0011857,0.00048674,0,388.76,963.96,18.458,1,0.12978,0.5,0.13062,0
0.0011859,0.00049015,0,385.13,954.28,18.862,1,0.13078,0.5,0.13162,0
0.001186,0.00049356,0,381.5,944.6,19.266,1,0.13178,0.5,0.13262,0
0.0011861,0.00049695,0,380.75,942.04,19.214,1,0.13278,0.5,0.13362,0
0.0011862,0.00050033,0,382.75,944.49,18.27,1,0.13377,0.5,0.13462,0
0.0011864,0.00050371,0,384.75,946.93,17.326,1,0.13477,0.5,0.13561,0
0.0011865,0.0005071,0,386.75,949.38,16.382,1,0.13577,0.5,0.13661,0
0.0011866,0.00051048,0,388.49,951.5,15.561,1,0.13677,0.5,0.13761,0
0.0011868,0.00051384,0,385,941.9,15.679,1,0.13777,0.5,0.13861,0
0.0011869,0.00051718,0,380.78,930.3,15.822,1,0.13877,0.5,0.13961,0
0.0011871,0.00052051,0,378.33,923.56,15.905,1,0.13976,0.5,0.14061,0
0.0011872,0.00052381,0,378.49,924.4,16.529,1,0.14076,0.5,0.1416,0
0.0011874,0.00052714,0,379.06,927.42,18.784,1,0.14176,0.5,0.1426,0
0.0011875,0.00053047,0,379.62,930.45,21.039,1,0.14276,0.5,0.1436,0
0.0011877,0.0005338,0,378.47,928.52,22.168,1,0.14376,0.5,0.1446,0
0.0011878,0.00053711,0,375.32,921.49,22.565,1,0.14476,0.5,0.1456,0
0.001188,0.0005404,0,374.16,921.05,25.008,1,0.14575,0.5,0.1466,0
0.0011882,0.00054368,0,373.01,920.6,27.45,1,0.14675,0.5,0.14759,0
0.0011883,0.00054697,0,372.47,920.62,28.54,1,0.14775,0.5,0.14859,0
0.0011885,0.00055026,0,372.47,920.62,28.54,1,0.14875,0.5,0.14959,0
0.0011886,0.00055355,0,372.47,920.62,28.54,1,0.14975,0.5,0.15059,0
0.0011888,0.00055684,0,372.47,920.62,28.54,1,0.15075,0.5,0.15159,0
0.001189,0.00056012,0,373.26,919.69,29.473,1,0.15174,0.5,0.15259,0
0.0011892,0.00056341,0,374.1,918.68,30.475,1,0.15274,0.5,0.15358,0
0.0011893,0.00056668,0,373.99,916.5,31.236,1,0.15374,0.5,0.15458,0
0.0011895,0.00056992,0,371.24,909.29,32.013,1,0.15474,0.5,0.15558,0
0.0011897,0.00057316,0,368.5,902.09,32.79,1,0.15574,0.5,0.15658,0
0.0011899,0.00057638,0,367.65,899.87,33.03,1,0.15674,0.5,0.15758,0
0.0011901,0.00057959,0,367.65,899.87,33.03,1,0.15773,0.5,0.15858,0
0.0011903,0.0005828,0,367.65,899.87,33.03,1,0.15873,0.5,0.15957,0
0.0011905,0.000586,0,367.62,898.08,33.499,1,0.15973,0.5,0.16057,0
0.0011907,0.0005892,0,367.6,896.23,33.985,1,0.16073,0.5,0.16157,0
0.0011909,0.00059239,0,367.57,894.37,34.47,1,0.16173,0.5,0.16257,0
0.0011911,0.00059558,0,367.07,892.88,34.797,1,0.16273,0.5,0.16357,0
0.0011913,0.00059872,0,364.22,885.93,36.238,1,0.16372,0.5,0.16457,0
0.0011916,0.00060186,0,361.37,878.99,37.679,1,0.16472,0.5,0.16556,0
0.0011918,0.00060501,0,358.52,872.05,39.12,1,0.16572,0.5,0.16656,0
0.001192,0.00060813,0,357.28,869.02,39.749,1,0.16672,0.5,0.16756,0
0.0011922,0.00061122,0,357.28,869.02,39.749,1,0.16772,0.5,0.16856,0
0.0011924,0.00061432,0,357.28,869.02,39.749,1,0.16872,0.5,0.16956,0
0.0011926,0.00061742,0,357.58,869.67,39.862,1,0.16971,0.5,0.17056,0
0.0011928,0.00062055,0,360.28,875.48,40.881,1,0.17071,0.5,0.17155,0
0.0011931,0.00062367,0,362.98,881.29,41.9,1,0.17171,0.5,0.17255,0
0.0011933,0.00062683,0,364.3,881.59,40.761,1,0.17271,0.5,0.17355,0
0.0011935,0.00062986,0,362.87,878.78,42.657,1,0.17371,0.5,0.17455,0
0.0011938,0.00063292,0,350.09,854.21,47.608,1,0.17471,0.5,0.17555,0
0.001194,0.00063597,0,345.2,843.99,48.932,1,0.1757,0.5,0.17654,0
0.0011943,0.000639,0,348.17,848.06,46.647,1,0.1767,0.5,0.17754,0
0.0011946,0.00064204,0,351.13,852.13,44.362,1,0.1777,0.5,0.17854,0
0.0011948,0.00064508,0,354.1,856.2,42.076,1,0.1787,0.5,0.17954,0
0.0011951,0.00064811,0,357.07,860.27,39.791,1,0.1797,0.5,0.18054,0
0.0011953,0.00065115,0,360.03,864.33,37.506,1,0.1807,0.5,0.18154,0
0.0011956,0.00065416,0,355.18,853.85,38.741,1,0.18169,0.5,0.18253,0
0.0011959,0.00065713,0,347.58,837.51,40.713,1,0.18269,0.5,0.18353,0
0.0011961,0.00066011,0,339.98,821.17,42.685,1,0.18369,0.5,0.18453,0
0.0011964,0.00066307,0,336.01,813.58,44.589,1,0.18469,0.5,0.18553,0
0.0011967,0.00066603,0,337.1,818.95,47.11,1,0.18569,0.5,0.18653,0
0.001197,0.00066898,0,338.2,824.33,49.63,1,0.18669,0.5,0.18753,0
0.0011973,0.00067194,0,339.29,829.7,52.15,1,0.18768,0.5,0.18852,0
0.0011976,0.00067489,0,340.38,835.08,54.67,1,0.18868,0.5,0.18952,0
0.0011979,0.00067784,0,341.47,840.45,57.191,1,0.18968,0.5,0.19052,0
0.0011981,0.00068081,0,341.58,842.71,59.105,1,0.19068,0.5,0.19152,0
0.0011984,0.00068376,0,335.63,829.32,60.772,1,0.19168,0.5,0.19252,0
0.0011987,0.0006867,0,330.01,816.65,62.442,1,0.19268,0.5,0.19352,0
0.0011991,0.00068964,0,324.39,803.99,64.113,1,0.19367,0.5,0.19451,0
0.0011994,0.00069251,0,322.87,800.45,65.039,1,0.19467,0.5,0.19551,0
0.0011997,0.00069537,0,321.51,797.31,65.933,1,0.19567,0.5,0.19651,0
0.0012,0.00069823,0,320.52,794.99,66.593,1,0.19667,0.5,0.19751,0
0.0012004,0.00070108,0,320.52,794.99,66.593,1,0.19767,0.5,0.19851,0
0.0012007,0.00070392,0,320.52,794.99,66.593,1,0.19867,0.5,0.19951,0
0.001201,0.00070677,0,320.52,794.99,66.593,1,0.19966,0.5,0.2005,0
0.0012013,0.00070963,0,321.94,798.03,66.995,1,0.20066,0.5,0.2015,0
0.0012017,0.00071249,0,324.05,802.56,67.594,1,0.20166,0.5,0.2025,0
0.001202,0.00071536,0,326.11,805.2,66.776,1,0.20266,0.5,0.2035,0
0.0012024,0.00071818,0,321.08,796.51,70.058,1,0.20366,0.5,0.2045,0
0.0012027,0.00072099,0,311.88,780.35,74.816,1,0.20466,0.5,0.2055,0
0.0012031,0.00072379,0,307.9,772.83,76.473,1,0.20565,0.5,0.20649,0
0.0012034,0.00072656,0,307.9,772.83,76.473,1,0.20665,0.5,0.20749,0
0.0012038,0.00072934,0,307.9,772.83,76.473,1,0.20765,0.5,0.20849,0
0.0012041,0.00073211,0,307.9,772.83,76.473,1,0.20865,0.5,0.20949,0
0.0012045,0.00073489,0,307.76,773.03,76.607,1,0.20965,0.5,0.21049,0
0.0012049,0.00073765,0,303.81,768.03,78.493,1,0.21065,0.5,0.21149,0
0.0012052,0.00074042,0,299.86,763.04,80.378,1,0.21164,0.5,0.21248,0
0.0012056,0.00074318,0,295.92,758.04,82.264,1,0.21264,0.5,0.21348,0
0.001206,0.00074594,0,292.16,753.11,84.03,1,0.21364,0.5,0.21448,0
0.0012064,0.00074865,0,292.16,753.11,84.03,1,0.21464,0.5,0.21548,0
0.0012068,0.00075137,0,292.16,753.11,84.03,1,0.21564,0.5,0.21648,0
0.0012072,0.00075409,0,292.16,753.11,84.03,1,0.21664,0.5,0.21748,0
0.0012076,0.0007568,0,292.05,751.02,82.911,1,0.21763,0.5,0.21847,0
0.0012079,0.00075954,0,292.81,747.26,79.484,1,0.21863,0.5,0.21947,0
0.0012083,0.0007622,0,290.88,744.77,81.385,1,0.21963,0.5,0.22047,0
0.0012087,0.00076487,0,290.97,745.11,82.08,1,0.22063,0.5,0.22147,0
0.0012091,0.00076756,0,292.27,746.43,81.539,1,0.22163,0.5,0.22247,0
0.0012095,0.00077024,0,293.47,747.65,81.044,1,0.22262,0.5,0.22347,0
0.0012099,0.00077293,0,293.47,747.65,81.044,1,0.22362,0.5,0.22446,0
0.0012103,0.00077555,0,287.76,734.01,82.048,1,0.22462,0.5,0.22546,0
0.0012107,0.00077813,0,278.9,712.83,83.608,1,0.22562,0.5,0.22646,0
0.0012112,0.0007807,0,271.92,696.16,84.837,1,0.22662,0.5,0.22746,0
0.0012116,0.00078322,0,271.92,696.54,84.977,1,0.22762,0.5,0.22846,0
0.001212,0.00078583,0,271.94,705.43,88.28,1,0.22861,0.5,0.22946,0
0.0012124,0.00078845,0,271.97,714.32,91.583,1,0.22961,0.5,0.23045,0
0.0012128,0.00079106,0,272,723.21,94.886,1,0.23061,0.5,0.23145,0
0.0012133,0.00079368,0,272.02,732.1,98.189,1,0.23161,0.5,0.23245,0
0.0012137,0.00079628,0,268.39,730.46,101.69,1,0.23261,0.5,0.23345,0
0.0012141,0.00079887,0,260.15,715.16,105.27,1,0.23361,0.5,0.23445,0
0.0012145,0.00080148,0,251.38,696.69,108.28,1,0.2346,0.5,0.23545,0
0.001215,0.00080405,0,245.61,684.55,110.25,1,0.2356,0.5,0.23644,0
0.0012154,0.00080657,0,246.58,686.3,109,1,0.2366,0.5,0.23744,0
0.0012159,0.0008091,0,248.12,689.08,107.01,1,0.2376,0.5,0.23844,0
0.0012164,0.00081164,0,249.67,691.87,105.02,1,0.2386,0.5,0.23944,0
0.0012169,0.00081417,0,251.21,694.65,103.03,1,0.2396,0.5,0.24044,0
0.0012173,0.00081673,0,253.3,701.5,100.98,1,0.24059,0.5,0.24144,0
0.0012178,0.00081929,0,248.19,694.96,102.39,1,0.24159,0.5,0.24243,0
0.0012183,0.00082181,0,238.62,675.81,105.66,1,0.24259,0.5,0.24343,0
0.0012187,0.00082431,0,229.09,658.75,109.89,1,0.24359,0.5,0.24443,0
0.0012192,0.0008267,0,231.66,668.87,108.85,1,0.24459,0.5,0.24543,0
0.0012197,0.00082911,0,234.56,677.97,107.62,1,0.24559,0.5,0.24643,0
0.0012201,0.00083161,0,234.56,677.97,107.62,1,0.24658,0.5,0.24743,0
0.0012206,0.0008341,0,234.56,677.97,107.62,1,0.24758,0.5,0.24842,0
0.0012211,0.0008366,0,234.56,677.97,107.62,1,0.24858,0.5,0.24942,0
0.0012215,0.0008391,0,234.56,677.97,107.62,1,0.24958,0.5,0.25042,0
0.001222,0.00084151,0,225.12,659.74,111.02,1,0.25058,0.5,0.25142,0
0.0012225,0.00084392,0,215.67,641.46,114.42,1,0.25158,0.5,0.25242,0
0.001223,0.00084632,0,206.88,624.49,117.59,1,0.25257,0.5,0.25342,0
0.0012235,0.0008487,0,206.78,632.76,118.98,1,0.25357,0.5,0.25441,0
0.001224,0.00085109,0,206.66,642.16,120.57,1,0.25457,0.5,0.25541,0
0.0012244,0.00085349,0,206.54,651.55,122.16,1,0.25557,0.5,0.25641,0
0.0012249,0.0008559,0,206.45,658.86,123.39,1,0.25657,0.5,0.25741,0
0.0012254,0.00085836,0,206.45,658.86,123.39,1,0.25757,0.5,0.25841,0
0.0012258,0.00086077,0,201.06,647.91,125.12,1,0.25856,0.5,0.25941,0
0.0012263,0.00086313,0,190.39,626.25,128.53,1,0.25956,0.5,0.2604,0
0.0012268,0.00086548,0,179.72,604.59,131.94,1,0.26056,0.5,0.2614,0
0.0012273,0.00086777,0,175.34,595.7,133.35,1,0.26156,0.5,0.2624,0
0.0012278,0.00087002,0,175.34,595.7,133.35,1,0.26256,0.5,0.2634,0
0.0012283,0.00087228,0,175.34,595.7,133.35,1,0.26356,0.5,0.2644,0
0.0012288,0.00087454,0,175.26,596.31,133.51,1,0.26455,0.5,0.2654,0
0.0012292,0.00087691,0,173.93,606.59,136.28,1,0.26555,0.5,0.26639,0
0.0012297,0.00087928,0,171.85,613.77,137.29,1,0.26655,0.5,0.26739,0
0.0012301,0.00088164,0,169.1,618.12,136.67,1,0.26755,0.5,0.26839,0
0.0012306,0.00088401,0,165.75,620.33,136.34,1,0.26855,0.5,0.26939,0
0.001231,0.00088637,0,155.79,599.06,139.12,1,0.26955,0.5,0.27039,0
0.0012315,0.00088865,0,145.86,590.41,144.7,1,0.27054,0.5,0.27139,0
0.001232,0.00089088,0,142.78,597.15,147.21,1,0.27154,0.5,0.27238,0
0.0012324,0.00089319,0,142.65,599.62,145.93,1,0.27254,0.5,0.27338,0
0.0012329,0.00089549,0,142.53,602.01,144.71,1,0.27354,0.5,0.27438,0
0.0012334,0.00089784,0,142.53,602.01,144.71,1,0.27454,0.5,0.27538,0
0.0012338,0.00090018,0,142.53,602.01,144.71,1,0.27554,0.5,0.27638,0
0.0012343,0.00090249,0,139.56,595.17,144.24,1,0.27653,0.5,0.27738,0
0.0012348,0.00090474,0,131.63,576.93,143.01,1,0.27753,0.5,0.27837,0
0.0012352,0.000907,0,123.71,558.7,141.77,1,0.27853,0.5,0.27937,0
0.0012357,0.00090921,0,119.43,548.84,141.1,1,0.27953,0.5,0.28037,0
0.0012362,0.00091136,0,119.43,548.84,141.1,1,0.28053,0.5,0.28137,0
0.0012366,0.00091353,0,119.12,549.53,141.52,1,0.28153,0.5,0.28237,0
0.001237,0.00091578,0,115.77,557.09,146.04,1,0.28252,0.5,0.28336,0
0.0012375,0.00091803,0,112.43,564.65,150.57,1,0.28352,0.5,0.28436,0
0.0012379,0.00092025,0,106.16,569.04,152.81,1,0.28452,0.5,0.28536,0
0.0012383,0.00092246,0,99.302,572.8,154.61,1,0.28552,0.5,0.28636,0
0.0012387,0.00092469,0,92.338,562.47,155.74,1,0.28652,0.5,0.28736,0
0.0012391,0.00092693,0,85.324,545.76,156.58,1,0.28752,0.5,0.28836,0
0.0012395,0.00092915,0,84.452,544.09,155.06,1,0.28851,0.5,0.28935,0
0.0012399,0.00093135,0,84.991,545.88,153.01,1,0.28951,0.5,0.29035,0
0.0012402,0.00093356,0,85.53,547.66,150.95,1,0.29051,0.5,0.29135,0
0.0012406,0.00093576,0,86.069,549.45,148.9,1,0.29151,0.5,0.29235,0
0.001241,0.00093796,0,86.608,551.23,146.85,1,0.29251,0.5,0.29335,0
0.0012414,0.00094016,0,81.358,542.99,148.8,1,0.29351,0.5,0.29435,0
0.0012418,0.00094236,0,64.246,514.83,158.87,1,0.2945,0.5,0.29534,0
0.0012421,0.00094474,0,54.369,513.24,160.91,1,0.2955,0.5,0.29634,0
0.0012425,0.00094681,0,49.694,507.37,156.58,1,0.2965,0.5,0.29734,0
0.0012429,0.00094879,0,45.134,503.06,151.77,1,0.2975,0.5,0.29834,0
0.0012433,0.00095079,0,39.676,499.85,149.58,1,0.2985,0.5,0.29934,0
0.0012436,0.00095295,0,37.078,502.46,153.72,1,0.2995,0.5,0.30034,0
0.0012439,0.00095512,0,34.479,505.08,157.86,1,0.30049,0.5,0.30133,0
0.0012442,0.00095729,0,31.881,507.7,162,1,0.30149,0.5,0.30233,0
0.0012445,0.00095945,0,29.282,510.31,166.14,1,0.30249,0.5,0.30333,0
0.0012448,0.00096162,0,26.683,512.93,170.28,1,0.30349,0.5,0.30433,0
0.0012451,0.00096378,0,24.085,515.55,174.41,1,0.30449,0.5,0.30533,0
0.0012453,0.00096614,0,16.101,518.57,173.98,1,0.30549,0.5,0.30633,0
0.0012455,0.00096851,0,11.175,518.55,165.66,1,0.30648,0.5,0.30732,0
0.0012457,0.0009707,0,1.7583,507.92,166.15,1,0.30748,0.5,0.30832,0
0.0012458,0.00097277,0,-10.475,490.63,172.18,1,0.30848,0.5,0.30932,0
0.001246,0.00097484,0,-22.627,473.51,177.96,1,0.30948,0.5,0.31032,0
0.0012463,0.00097684,0,-32.089,473.62,178.75,1,0.31048,0.5,0.31132,0
0.0012465,0.00097897,0,-33.86,475.1,176.8,1,0.31148,0.5,0.31232,0
0.0012467,0.0009811,0,-35.632,476.58,174.86,1,0.31247,0.5,0.31331,0
0.0012468,0.00098322,0,-37.403,478.05,172.92,1,0.31347,0.5,0.31431,0
0.001247,0.00098535,0,-39.174,479.53,170.98,1,0.31447,0.5,0.31531,0
0.0012472,0.00098748,0,-40.946,481.01,169.04,1,0.31547,0.5,0.31631,0
0.0012474,0.00098959,0,-43.996,476.4,167.64,1,0.31647,0.5,0.31731,0
0.0012475,0.00099168,0,-49.589,459.66,167.3,1,0.31747,0.5,0.31831,0
0.0012477,0.00099377,0,-55.183,442.92,166.96,1,0.31846,0.5,0.3193,0
0.0012478,0.00099591,0,-64.547,438.44,166.65,1,0.31946,0.5,0.3203,0
0.0012478,0.00099799,0,-72.026,447.75,169.61,1,0.32046,0.5,0.3213,0
0.0012479,0.0010001,0,-78.409,456.17,172.61,1,0.32146,0.5,0.3223,0
0.001248,0.0010022,0,-84.791,464.59,175.62,1,0.32246,0.5,0.3233,0
0.001248,0.0010043,0,-90.104,471.6,178.13,1,0.32346,0.5,0.3243,0
0.001248,0.0010065,0,-90.104,471.6,178.13,1,0.32445,0.5,0.32529,0
0.0012479,0.0010087,0,-93.538,463.08,176.77,1,0.32545,0.5,0.32629,0
0.0012479,0.0010108,0,-100.75,445.21,173.92,1,0.32645,0.5,0.32729,0
0.0012478,0.0010129,0,-107.95,427.34,171.08,1,0.32745,0.5,0.32829,0
0.0012477,0.001015,0,-110.85,420.16,169.94,1,0.32845,0.5,0.32929,0
0.0012476,0.001017,0,-110.85,420.16,169.94,1,0.32944,0.5,0.33029,0
0.0012475,0.001019,0,-110.85,420.16,169.94,1,0.33044,0.5,0.33128,0
0.0012473,0.001021,0,-110.95,420.23,169.86,1,0.33144,0.5,0.33228,0
0.0012472,0.0010231,0,-113.95,422.09,167.71,1,0.33244,0.5,0.33328,0
0.001247,0.0010254,0,-127.6,429.06,165.12,1,0.33344,0.5,0.33428,0
0.0012467,0.0010277,0,-141.6,436.19,162.52,1,0.33444,0.5,0.33528,0
0.0012464,0.0010297,0,-151.55,426.56,167.3,1,0.33543,0.5,0.33628,0
0.0012462,0.0010317,0,-162.09,416.7,170.54,1,0.33643,0.5,0.33727,0
0.001246,0.0010337,0,-175.38,410.34,167.34,1,0.33743,0.5,0.33827,0
0.0012458,0.0010357,0,-183.19,406.63,165.26,1,0.33843,0.5,0.33927,0
0.0012454,0.0010378,0,-183.53,406.55,164.73,1,0.33943,0.5,0.34027,0
0.001245,0.0010399,0,-183.88,406.48,164.2,1,0.34043,0.5,0.34127,0
0.0012447,0.001042,0,-184.22,406.4,163.66,1,0.34142,0.5,0.34227,0
0.0012443,0.0010441,0,-184.57,406.32,163.13,1,0.34242,0.5,0.34326,0
0.0012439,0.0010462,0,-185.98,398.84,162.61,1,0.34342,0.5,0.34426,0
0.0012435,0.0010483,0,-191.04,388.17,160.04,1,0.34442,0.5,0.34526,0
0.001243,0.0010506,0,-203.32,390.96,151.57,1,0.34542,0.5,0.34626,0
0.0012424,0.0010526,0,-223.31,389.5,150.74,1,0.34642,0.5,0.34726,0
0.0012418,0.0010545,0,-244.64,387.29,151.25,1,0.34741,0.5,0.34826,0
0.0012412,0.0010565,0,-256.03,390.3,153.05,1,0.34841,0.5,0.34925,0
0.0012405,0.0010587,0,-256.03,390.3,153.05,1,0.34941,0.5,0.35025,0
0.0012398,0.0010609,0,-256.03,390.3,153.05,1,0.35041,0.5,0.35125,0
0.0012391,0.001063,0,-256.03,390.3,153.05,1,0.35141,0.5,0.35225,0
0.0012385,0.0010652,0,-256.93,387.23,153.19,1,0.35241,0.5,0.35325,0
0.0012378,0.0010673,0,-260.98,373.39,153.83,1,0.3534,0.5,0.35425,0
0.001237,0.0010693,0,-265.03,359.55,154.47,1,0.3544,0.5,0.35524,0
0.0012363,0.0010714,0,-268.89,346.36,155.08,1,0.3554,0.5,0.35624,0
0.0012356,0.0010734,0,-271.77,347.65,153.83,1,0.3564,0.5,0.35724,0
0.0012347,0.0010755,0,-285.28,353.72,147.99,1,0.3574,0.5,0.35824,0
0.0012338,0.0010775,0,-298.79,359.8,142.15,1,0.3584,0.5,0.35924,0
0.0012329,0.0010796,0,-306.34,363.19,138.89,1,0.35939,0.5,0.36024,0
0.0012319,0.0010818,0,-306.34,363.19,138.89,1,0.36039,0.5,0.36123,0
0.0012308,0.0010839,0,-307.83,357.39,137.62,1,0.36139,0.5,0.36223,0
0.0012297,0.0010859,0,-312.67,338.58,133.51,1,0.36239,0.5,0.36323,0
0.0012286,0.001088,0,-317.5,319.78,129.41,1,0.36339,0.5,0.36423,0
0.0012274,0.00109,0,-318.87,314.48,128.25,1,0.36439,0.5,0.36523,0
0.0012262,0.0010919,0,-318.87,314.48,128.25,1,0.36538,0.5,0.36623,0
0.001225,0.0010939,0,-318.87,314.48,128.25,1,0.36638,0.5,0.36722,0
0.0012238,0.0010959,0,-320.31,323.5,131.89,1,0.36738,0.5,0.36822,0
0.0012224,0.001098,0,-329.33,314.78,126.73,1,0.36838,0.5,0.36922,0
0.0012211,0.0011002,0,-344.94,316.69,124.25,1,0.36938,0.5,0.37022,0
0.0012198,0.0011023,0,-360.13,318.24,121.08,1,0.37038,0.5,0.37122,0
0.0012184,0.0011042,0,-374.37,318.96,116.34,1,0.37137,0.5,0.37222,0
0.0012169,0.0011062,0,-385.29,319.7,112.67,1,0.37237,0.5,0.37321,0
0.0012154,0.0011083,0,-390.12,320.46,110.94,1,0.37337,0.5,0.37421,0
0.0012138,0.0011103,0,-394.95,321.23,109.21,1,0.37437,0.5,0.37521,0
0.0012122,0.0011124,0,-397.16,321.58,108.42,1,0.37537,0.5,0.37621,0
0.0012107,0.0011146,0,-397.16,321.58,108.42,1,0.37637,0.5,0.37721,0
0.001209,0.0011166,0,-404.25,299.17,100.5,1,0.37736,0.5,0.37821,0
0.0012073,0.0011186,0,-411.56,276.02,92.32,1,0.37836,0.5,0.3792,0
0.0012056,0.0011206,0,-417.25,258.74,86.194,1,0.37936,0.5,0.3802,0
0.0012037,0.0011226,0,-422.3,269.24,89.269,1,0.38036,0.5,0.3812,0
0.0012018,0.0011246,0,-427.35,279.75,92.345,1,0.38136,0.5,0.3822,0
0.0011999,0.0011266,0,-432.4,290.26,95.42,1,0.38236,0.5,0.3832,0
0.001198,0.0011286,0,-437.45,300.76,98.495,1,0.38335,0.5,0.3842,0
0.001196,0.0011307,0,-439.22,304.45,99.574,1,0.38435,0.5,0.38519,0
0.0011939,0.0011328,0,-442.98,294.18,91.214,1,0.38535,0.5,0.38619,0
0.0011916,0.0011348,0,-448.92,277.94,77.989,1,0.38635,0.5,0.38719,0
0.0011894,0.0011369,0,-454.87,261.69,64.763,1,0.38735,0.5,0.38819,0
0.001187,0.0011388,0,-457.07,255.67,59.865,1,0.38835,0.5,0.38919,0
0.0011846,0.0011408,0,-466.05,255.3,60.698,1,0.38934,0.5,0.39019,0
0.0011822,0.0011428,0,-475.41,254.91,61.565,1,0.39034,0.5,0.39118,0
0.0011798,0.0011448,0,-484.77,254.52,62.432,1,0.39134,0.5,0.39218,0
0.0011773,0.0011468,0,-494.12,254.12,63.299,1,0.39234,0.5,0.39318,0
0.001175,0.0011488,0,-496.09,254.04,63.482,1,0.39334,0.5,0.39418,0
0.0011726,0.0011508,0,-496.92,251.64,61.686,1,0.39434,0.5,0.39518,0
0.0011701,0.0011527,0,-502.83,234.47,48.844,1,0.39533,0.5,0.39617,0
0.0011675,0.0011547,0,-508.75,217.31,36.002,1,0.39633,0.5,0.39717,0
0.0011649,0.0011566,0,-513.48,203.56,25.714,1,0.39733,0.5,0.39817,0
0.0011621,0.0011584,0,-513.48,203.56,25.714,1,0.39833,0.5,0.39917,0
0.0011592,0.0011603,0,-516.98,208.18,26.521,1,0.39933,0.5,0.40017,0
0.0011563,0.0011622,0,-525.51,219.47,28.49,1,0.40033,0.5,0.40117,0
0.0011534,0.0011642,0,-534.04,230.77,30.458,1,0.40132,0.5,0.40216,0
0.0011505,0.0011661,0,-542.57,242.06,32.427,1,0.40232,0.5,0.40316,0
0.0011473,0.0011681,0,-547.7,227.5,21.794,1,0.40332,0.5,0.40416,0
0.0011441,0.00117,0,-552.68,208.69,8.8715,1,0.40432,0.5,0.40516,0
0.0011408,0.0011719,0,-557.67,189.87,-4.0508,1,0.40532,0.5,0.40616,0
0.0011374,0.0011738,0,-562.01,186.52,-6.6687,1,0.40632,0.5,0.40716,0
0.0011339,0.0011757,0,-570.81,186.5,-7.4999,1,0.40731,0.5,0.40815,0
0.0011305,0.0011776,0,-579.62,186.48,-8.3311,1,0.40831,0.5,0.40915,0
0.001127,0.0011795,0,-588.42,186.45,-9.1622,1,0.40931,0.5,0.41015,0
0.0011236,0.0011813,0,-597.23,186.43,-9.9934,1,0.41031,0.5,0.41115,0
0.0011202,0.0011832,0,-602.23,186.42,-10.466,1,0.41131,0.5,0.41215,0
0.0011167,0.0011851,0,-601.18,178.59,-16.552,1,0.41231,0.5,0.41315,0
0.0011131,0.0011869,0,-599.25,164.26,-27.688,1,0.4133,0.5,0.41414,0
0.0011095,0.0011888,0,-597.33,149.93,-38.824,1,0.4143,0.5,0.41514,0
0.0011056,0.0011906,0,-604.97,145.47,-45.374,1,0.4153,0.5,0.41614,0
0.0011016,0.0011924,0,-621.92,147.37,-50.134,1,0.4163,0.5,0.41714,0
0.0010976,0.0011942,0,-638.86,149.27,-54.894,1,0.4173,0.5,0.41814,0
0.0010935,0.001196,0,-655.8,151.18,-59.653,1,0.4183,0.5,0.41914,0
0.0010894,0.0011979,0,-659.38,151.58,-60.658,1,0.41929,0.5,0.42013,0
0.0010852,0.0011998,0,-659.38,151.58,-60.658,1,0.42029,0.5,0.42113,0
0.001081,0.0012016,0,-659.11,151.04,-60.91,1,0.42129,0.5,0.42213,0
0.0010767,0.0012034,0,-652.79,138.18,-66.926,1,0.42229,0.5,0.42313,0
0.0010723,0.0012052,0,-646.47,125.32,-72.943,1,0.42329,0.5,0.42413,0
0.001068,0.001207,0,-640.15,112.46,-78.962,1,0.42429,0.5,0.42513,0
0.0010635,0.0012087,0,-638.65,109.41,-80.386,1,0.42528,0.5,0.42612,0
0.001059,0.0012103,0,-641.25,108.67,-81.64,1,0.42628,0.5,0.42712,0
0.0010542,0.001212,0,-661.58,102.89,-91.469,1,0.42728,0.5,0.42812,0
0.0010495,0.0012137,0,-681.91,97.102,-101.3,1,0.42828,0.5,0.42912,0
0.0010448,0.0012154,0,-702.25,91.316,-111.13,1,0.42928,0.5,0.43012,0
0.0010399,0.001217,0,-704.85,90.575,-112.39,1,0.43028,0.5,0.43112,0
0.0010349,0.0012187,0,-701.74,90.091,-114.01,1,0.43127,0.5,0.43211,0
0.0010298,0.0012204,0,-693.45,88.803,-118.33,1,0.43227,0.5,0.43311,0
0.0010247,0.0012221,0,-685.17,87.515,-122.65,1,0.43327,0.5,0.43411,0
0.0010197,0.0012237,0,-676.88,86.227,-126.97,1,0.43427,0.5,0.43511,0
0.0010145,0.0012253,0,-676.53,86.173,-127.15,1,0.43527,0.5,0.43611,0
0.0010091,0.0012269,0,-699.13,72.739,-139.26,1,0.43626,0.5,0.43711,0
0.0010036,0.0012285,0,-723.9,58.02,-152.53,1,0.43726,0.5,0.4381,0
0.00099817,0.0012301,0,-748.66,43.301,-165.8,1,0.43826,0.5,0.4391,0
0.00099257,0.0012317,0,-757.4,38.11,-170.48,1,0.43926,0.5,0.4401,0
0.00098689,0.0012333,0,-757.4,38.11,-170.48,1,0.44026,0.5,0.4411,0
0.00098121,0.0012348,0,-757.4,38.11,-170.48,1,0.44126,0.5,0.4421,0
0.00097549,0.0012364,0,-753.64,37.135,-171.89,1,0.44225,0.5,0.4431,0
0.00096972,0.0012379,0,-745.7,35.073,-174.88,1,0.44325,0.5,0.44409,0
0.00096394,0.0012395,0,-737.75,33.01,-177.87,1,0.44425,0.5,0.44509,0
0.00095817,0.001241,0,-729.8,30.948,-180.86,1,0.44525,0.5,0.44609,0
0.00095207,0.0012424,0,-748.48,12.057,-197.13,1,0.44625,0.5,0.44709,0
0.00094583,0.0012438,0,-778.67,-14.645,-219.67,1,0.44725,0.5,0.44809,0
0.00093959,0.0012452,0,-808.86,-41.347,-242.21,1,0.44824,0.5,0.44909,0
0.00093304,0.0012465,0,-815.6,-47.306,-247.24,1,0.44924,0.5,0.45008,0
0.00092643,0.0012479,0,-811.72,-42.913,-244.89,1,0.45024,0.5,0.45108,0
0.00091983,0.0012493,0,-801.23,-31.021,-238.52,1,0.45124,0.5,0.45208,0
0.00091324,0.0012508,0,-790.73,-19.129,-232.14,1,0.45224,0.5,0.45308,0
0.00090665,0.0012522,0,-780.24,-7.2369,-225.77,1,0.45324,0.5,0.45408,0
0.00089994,0.0012536,0,-779.14,-16.107,-230.84,1,0.45423,0.5,0.45508,0
0.0008931,0.001255,0,-787.23,-45.298,-247.11,1,0.45523,0.5,0.45607,0
0.00088634,0.0012564,0,-780.49,-52.391,-253.39,1,0.45623,0.5,0.45707,0
0.00087951,0.0012577,0,-788.41,-52.472,-260.37,1,0.45723,0.5,0.45807,0
0.00087239,0.001259,0,-801.67,-51.462,-265.21,1,0.45823,0.5,0.45907,0
0.00086523,0.0012603,0,-810.09,-49.852,-268.26,1,0.45923,0.5,0.46007,0
0.00085807,0.0012615,0,-818.51,-48.242,-271.31,1,0.46022,0.5,0.46107,0
0.00085091,0.0012628,0,-826.93,-46.632,-274.36,1,0.46122,0.5,0.46206,0
0.00084352,0.001264,0,-833.14,-69.199,-288.52,1,0.46222,0.5,0.46306,0
0.00083601,0.0012652,0,-838.23,-103.93,-308.26,1,0.46322,0.5,0.46406,0
0.00082852,0.0012663,0,-841.71,-123.96,-322.15,1,0.46422,0.5,0.46506,0
0.00082085,0.0012675,0,-837.24,-118.83,-321.16,1,0.46522,0.5,0.46606,0
0.00081307,0.0012685,0,-829.22,-110.52,-315.9,1,0.46621,0.5,0.46706,0
0.00080529,0.0012696,0,-821.19,-102.21,-310.64,1,0.46721,0.5,0.46805,0
0.0007975,0.0012707,0,-813.17,-93.907,-305.38,1,0.46821,0.5,0.46905,0
0.00078972,0.0012718,0,-805.15,-85.6,-300.12,1,0.46921,0.5,0.47005,0
0.00078187,0.001273,0,-800.31,-82.15,-302.63,1,0.47021,0.5,0.47105,0
0.0007737,0.001274,0,-802.37,-94.998,-313.99,1,0.47121,0.5,0.47205,0
0.00076542,0.0012749,0,-806.54,-113.43,-327.18,1,0.4722,0.5,0.47305,0
0.00075713,0.0012759,0,-810.7,-131.86,-340.38,1,0.4732,0.5,0.47404,0
0.00074885,0.0012769,0,-814.86,-150.28,-353.58,1,0.4742,0.5,0.47504,0
0.00074032,0.0012777,0,-826.03,-154.51,-362.44,1,0.4752,0.5,0.47604,0
0.00073168,0.0012787,0,-832.8,-155.07,-365.96,1,0.4762,0.5,0.47704,0
0.00072304,0.0012796,0,-839.58,-155.63,-369.47,1,0.4772,0.5,0.47804,0
0.00071441,0.0012805,0,-846.35,-156.19,-372.99,1,0.47819,0.5,0.47904,0
0.00070577,0.0012814,0,-853.13,-156.75,-376.51,1,0.47919,0.5,0.48003,0
0.00069714,0.0012823,0,-859.9,-157.31,-380.02,1,0.48019,0.5,0.48103,0
0.00068825,0.0012831,0,-868.39,-168.49,-391.07,1,0.48119,0.5,0.48203,0
0.00067921,0.0012839,0,-877.96,-186.44,-406.91,1,0.48219,0.5,0.48303,0
0.00067016,0.0012847,0,-887.54,-204.39,-422.76,1,0.48319,0.5,0.48403,0
0.00066123,0.0012856,0,-905.11,-214.14,-437.88,1,0.48418,0.5,0.48503,0
0.00065206,0.0012864,0,-913.86,-218,-448.59,1,0.48518,0.5,0.48602,0
0.00064256,0.0012872,0,-908.4,-212.85,-445.93,1,0.48618,0.5,0.48702,0
0.00063304,0.0012879,0,-901.71,-205.52,-440.35,1,0.48718,0.5,0.48802,0
0.00062352,0.0012887,0,-895.02,-198.2,-434.77,1,0.48818,0.5,0.48902,0
0.000614,0.0012895,0,-888.33,-190.88,-429.19,1,0.48918,0.5,0.49002,0
0.00060422,0.0012903,0,-890.92,-206.97,-441.77,1,0.49017,0.5,0.49102,0
0.00059434,0.001291,0,-897.16,-232.29,-461.52,1,0.49117,0.5,0.49201,0
0.00058449,0.0012917,0,-904.24,-248.53,-477.9,1,0.49217,0.5,0.49301,0
0.00057435,0.0012923,0,-909.33,-249.83,-481.84,1,0.49317,0.5,0.49401,0
0.00056415,0.001293,0,-913.92,-250.54,-484.39,1,0.49417,0.5,0.49501,0
0.00055395,0.0012936,0,-918.51,-251.24,-486.94,1,0.49517,0.5,0.49601,0
0.00054376,0.0012942,0,-923.1,-251.94,-489.49,1,0.49616,0.5,0.49701,0
0.00053354,0.001295,0,-941.73,-253.02,-497.38,1,0.49716,0.5,0.498,0
0.00040272,0.0026179,0,-944.35,-250,-494.09,1,0.49816,0.5,0.499,0
0.00017529,0.005,0,-923.76,-243.41,-477.9,1,0.49916,0.5,0.5,0
-5.2137e-05,0.0073821,0,-944.35,-250,-494.09,1,0.50016,0.5,0.501,0
-0.00018295,0.008705,0,-941.73,-253.02,-497.38,1,0.50116,0.5,0.502,0
-0.00019317,0.0087058,0,-923.1,-251.94,-489.49,1,0.50215,0.5,0.50299,0
-0.00020336,0.0087064,0,-918.51,-251.24,-486.94,1,0.50315,0.5,0.50399,0
-0.00021356,0.008707,0,-913.92,-250.54,-484.39,1,0.50415,0.5,0.50499,0
-0.00022376,0.0087077,0,-909.33,-249.83,-481.84,1,0.50515,0.5,0.50599,0
-0.0002339,0.0087083,0,-904.24,-248.53,-477.9,1,0.50615,0.5,0.50699,0
-0.00024376,0.008709,0,-897.16,-232.29,-461.52,1,0.50715,0.5,0.50799,0
-0.00025363,0.0087097,0,-890.92,-206.97,-441.77,1,0.50814,0.5,0.50898,0
-0.00026341,0.0087105,0,-888.33,-190.88,-429.19,1,0.50914,0.5,0.50998,0
-0.00027294,0.0087113,0,-895.02,-198.2,-434.77,1,0.51014,0.5,0.51098,0
-0.00028246,0.0087121,0,-901.71,-205.52,-440.35,1,0.51114,0.5,0.51198,0
-0.00029198,0.0087128,0,-908.4,-212.85,-445.93,1,0.51214,0.5,0.51298,0
-0.00030148,0.0087136,0,-913.86,-218,-448.59,1,0.51314,0.5,0.51398,0
-0.00031065,0.0087144,0,-905.11,-214.14,-437.88,1,0.51413,0.5,0.51497,0
-0.00031958,0.0087153,0,-887.54,-204.39,-422.76,1,0.51513,0.5,0.51597,0
-0.00032863,0.0087161,0,-877.96,-186.44,-406.91,1,0.51613,0.5,0.51697,0
-0.00033767,0.0087169,0,-868.39,-168.49,-391.07,1,0.51713,0.5,0.51797,0
-0.00034656,0.0087177,0,-859.9,-157.31,-380.02,1,0.51813,0.5,0.51897,0
-0.00035519,0.0087186,0,-853.13,-156.75,-376.51,1,0.51913,0.5,0.51997,0
-0.00036383,0.0087195,0,-846.35,-156.19,-372.99,1,0.52012,0.5,0.52096,0
-0.00037246,0.0087204,0,-839.58,-155.63,-369.47,1,0.52112,0.5,0.52196,0
-0.0003811,0.0087213,0,-832.8,-155.07,-365.96,1,0.52212,0.5,0.52296,0
-0.00038974,0.0087223,0,-826.03,-154.51,-362.44,1,0.52312,0.5,0.52396,0
-0.00039826,0.0087231,0,-814.86,-150.28,-353.58,1,0.52412,0.5,0.52496,0
-0.00040655,0.0087241,0,-810.7,-131.86,-340.38,1,0.52512,0.5,0.52596,0
-0.00041483,0.0087251,0,-806.54,-113.43,-327.18,1,0.52611,0.5,0.52695,0
-0.00042311,0.008726,0,-802.37,-94.998,-313.99,1,0.52711,0.5,0.52795,0
-0.00043128,0.008727,0,-800.31,-82.15,-302.63,1,0.52811,0.5,0.52895,0
-0.00043913,0.0087282,0,-805.15,-85.6,-300.12,1,0.52911,0.5,0.52995,0
-0.00044691,0.0087293,0,-813.17,-93.907,-305.38,1,0.53011,0.5,0.53095,0
-0.0004547,0.0087304,0,-821.19,-102.21,-310.64,1,0.53111,0.5,0.53195,0
-0.00046248,0.0087315,0,-829.22,-110.52,-315.9,1,0.5321,0.5,0.53294,0
-0.00047026,0.0087325,0,-837.24,-118.83,-321.16,1,0.5331,0.5,0.53394,0
-0.00047793,0.0087337,0,-841.71,-123.96,-322.15,1,0.5341,0.5,0.53494,0
-0.00048542,0.0087348,0,-838.23,-103.93,-308.26,1,0.5351,0.5,0.53594,0
-0.00049293,0.008736,0,-833.14,-69.199,-288.52,1,0.5361,0.5,0.53694,0
-0.00050032,0.0087372,0,-826.93,-46.632,-274.36,1,0.5371,0.5,0.53794,0
-0.00050748,0.0087385,0,-818.51,-48.242,-271.31,1,0.53809,0.5,0.53893,0
-0.00051464,0.0087397,0,-810.09,-49.852,-268.26,1,0.53909,0.5,0.53993,0
-0.0005218,0.008741,0,-801.67,-51.462,-265.21,1,0.54009,0.5,0.54093,0
-0.00052893,0.0087423,0,-788.41,-52.472,-260.37,1,0.54109,0.5,0.54193,0
-0.00053576,0.0087436,0,-780.49,-52.391,-253.39,1,0.54209,0.5,0.54293,0
-0.00054252,0.008745,0,-787.23,-45.298,-247.11,1,0.54308,0.5,0.54393,0
-0.00054935,0.0087464,0,-779.14,-16.107,-230.84,1,0.54408,0.5,0.54492,0
-0.00055607,0.0087478,0,-780.24,-7.2369,-225.77,1,0.54508,0.5,0.54592,0
-0.00056266,0.0087492,0,-790.73,-19.129,-232.14,1,0.54608,0.5,0.54692,0
-0.00056925,0.0087507,0,-801.23,-31.021,-238.52,1,0.54708,0.5,0.54792,0
-0.00057584,0.0087521,0,-811.72,-42.913,-244.89,1,0.54808,0.5,0.54892,0
-0.00058246,0.0087535,0,-815.6,-47.306,-247.24,1,0.54907,0.5,0.54992,0
-0.00058901,0.0087548,0,-808.86,-41.347,-242.21,1,0.55007,0.5,0.55091,0
-0.00059525,0.0087562,0,-778.67,-14.645,-219.67,1,0.55107,0.5,0.55191,0
-0.00060148,0.0087576,0,-748.48,12.057,-197.13,1,0.55207,0.5,0.55291,0
-0.00060758,0.008759,0,-729.8,30.948,-180.86,1,0.55307,0.5,0.55391,0
-0.00061336,0.0087605,0,-737.75,33.01,-177.87,1,0.55407,0.5,0.55491,0
-0.00061913,0.0087621,0,-745.7,35.073,-174.88,1,0.55506,0.5,0.55591,0
-0.00062491,0.0087636,0,-753.64,37.135,-171.89,1,0.55606,0.5,0.5569,0
-0.00063063,0.0087652,0,-757.4,38.11,-170.48,1,0.55706,0.5,0.5579,0
-0.00063631,0.0087667,0,-757.4,38.11,-170.48,1,0.55806,0.5,0.5589,0
-0.00064199,0.0087683,0,-757.4,38.11,-170.48,1,0.55906,0.5,0.5599,0
-0.00064759,0.0087699,0,-748.66,43.301,-165.8,1,0.56006,0.5,0.5609,0
-0.00065304,0.0087715,0,-723.9,58.02,-152.53,1,0.56105,0.5,0.5619,0
-0.0006585,0.0087731,0,-699.13,72.739,-139.26,1,0.56205,0.5,0.56289,0
-0.00066393,0.0087747,0,-676.53,86.173,-127.15,1,0.56305,0.5,0.56389,0
-0.0006691,0.0087763,0,-676.88,86.227,-126.97,1,0.56405,0.5,0.56489,0
-0.00067416,0.0087779,0,-685.17,87.515,-122.65,1,0.56505,0.5,0.56589,0
-0.00067923,0.0087796,0,-693.45,88.803,-118.33,1,0.56605,0.5,0.56689,0
-0.00068429,0.0087813,0,-701.74,90.091,-114.01,1,0.56704,0.5,0.56789,0
-0.00068928,0.008783,0,-704.85,90.575,-112.39,1,0.56804,0.5,0.56888,0
-0.0006942,0.0087846,0,-702.25,91.316,-111.13,1,0.56904,0.5,0.56988,0
-0.00069893,0.0087863,0,-681.91,97.102,-101.3,1,0.57004,0.5,0.57088,0
-0.00070365,0.008788,0,-661.58,102.89,-91.469,1,0.57104,0.5,0.57188,0
-0.00070838,0.0087897,0,-641.25,108.67,-81.64,1,0.57204,0.5,0.57288,0
-0.00071293,0.0087913,0,-638.65,109.41,-80.386,1,0.57303,0.5,0.57388,0
-0.00071741,0.008793,0,-640.15,112.46,-78.962,1,0.57403,0.5,0.57487,0
-0.00072175,0.0087948,0,-646.47,125.32,-72.943,1,0.57503,0.5,0.57587,0
-0.00072609,0.0087966,0,-652.79,138.18,-66.926,1,0.57603,0.5,0.57687,0
-0.00073044,0.0087984,0,-659.11,151.04,-60.91,1,0.57703,0.5,0.57787,0
-0.00073462,0.0088002,0,-659.38,151.58,-60.658,1,0.57803,0.5,0.57887,0
-0.0007388,0.0088021,0,-659.38,151.58,-60.658,1,0.57902,0.5,0.57987,0
-0.00074294,0.008804,0,-655.8,151.18,-59.653,1,0.58002,0.5,0.58086,0
-0.00074697,0.0088058,0,-638.86,149.27,-54.894,1,0.58102,0.5,0.58186,0
-0.000751,0.0088076,0,-621.91,147.37,-50.134,1,0.58202,0.5,0.58286,0
-0.00075503,0.0088094,0,-604.97,145.47,-45.374,1,0.58302,0.5,0.58386,0
-0.00075888,0.0088112,0,-597.33,149.93,-38.824,1,0.58402,0.5,0.58486,0
-0.00076249,0.0088131,0,-599.25,164.26,-27.688,1,0.58501,0.5,0.58586,0
-0.0007661,0.0088149,0,-601.18,178.59,-16.551,1,0.58601,0.5,0.58685,0
-0.0007696,0.0088168,0,-602.23,186.42,-10.466,1,0.58701,0.5,0.58785,0
-0.00077302,0.0088187,0,-597.23,186.43,-9.9934,1,0.58801,0.5,0.58885,0
-0.00077646,0.0088205,0,-588.42,186.45,-9.1622,1,0.58901,0.5,0.58985,0
-0.0007799,0.0088224,0,-579.62,186.48,-8.331,1,0.59001,0.5,0.59085,0
-0.00078335,0.0088243,0,-570.81,186.5,-7.4998,1,0.591,0.5,0.59185,0
-0.00078679,0.0088262,0,-562.01,186.52,-6.6687,1,0.592,0.5,0.59284,0
-0.00079022,0.0088281,0,-557.67,189.87,-4.0504,1,0.593,0.5,0.59384,0
-0.00079348,0.00883,0,-552.68,208.69,8.8719,1,0.594,0.5,0.59484,0
-0.00079675,0.0088319,0,-547.7,227.5,21.794,1,0.595,0.5,0.59584,0
-0.00079995,0.0088339,0,-542.57,242.06,32.427,1,0.596,0.5,0.59684,0
-0.00080285,0.0088358,0,-534.04,230.77,30.458,1,0.59699,0.5,0.59784,0
-0.00080575,0.0088378,0,-525.51,219.47,28.489,1,0.59799,0.5,0.59883,0
-0.00080865,0.0088397,0,-516.98,208.18,26.521,1,0.59899,0.5,0.59983,0
-0.0008115,0.0088416,0,-513.48,203.56,25.714,1,0.59999,0.5,0.60083,0
-0.00081432,0.0088434,0,-513.48,203.56,25.714,1,0.60099,0.5,0.60183,0
-0.00081693,0.0088453,0,-508.75,217.31,36.002,1,0.60199,0.5,0.60283,0
-0.00081949,0.0088473,0,-502.83,234.47,48.844,1,0.60298,0.5,0.60383,0
-0.00082204,0.0088492,0,-496.92,251.64,61.686,1,0.60398,0.5,0.60482,0
-0.00082441,0.0088512,0,-496.09,254.04,63.482,1,0.60498,0.5,0.60582,0
-0.00082676,0.0088532,0,-494.12,254.12,63.299,1,0.60598,0.5,0.60682,0
-0.00082918,0.0088552,0,-484.77,254.52,62.432,1,0.60698,0.5,0.60782,0
-0.00083159,0.0088572,0,-475.41,254.91,61.565,1,0.60798,0.5,0.60882,0
-0.000834,0.0088592,0,-466.05,255.3,60.698,1,0.60897,0.5,0.60982,0
-0.00083641,0.0088612,0,-457.07,255.67,59.865,1,0.60997,0.5,0.61081,0
-0.00083879,0.0088631,0,-454.87,261.69,64.764,1,0.61097,0.5,0.61181,0
-0.00084104,0.0088652,0,-448.92,277.94,77.989,1,0.61197,0.5,0.61281,0
-0.00084328,0.0088672,0,-442.98,294.18,91.214,1,0.61297,0.5,0.61381,0
-0.00084543,0.0088693,0,-439.22,304.45,99.574,1,0.61397,0.5,0.61481,0
-0.00084738,0.0088714,0,-437.45,300.76,98.495,1,0.61496,0.5,0.6158,0
-0.00084929,0.0088734,0,-432.4,290.26,95.42,1,0.61596,0.5,0.6168,0
-0.0008512,0.0088754,0,-427.35,279.75,92.344,1,0.61696,0.5,0.6178,0
-0.00085311,0.0088774,0,-422.3,269.24,89.269,1,0.61796,0.5,0.6188,0
-0.00085502,0.0088794,0,-417.25,258.73,86.194,1,0.61896,0.5,0.6198,0
-0.00085674,0.0088814,0,-411.56,276.02,92.32,1,0.61996,0.5,0.6208,0
-0.00085844,0.0088834,0,-404.25,299.17,100.5,1,0.62095,0.5,0.62179,0
-0.00086012,0.0088854,0,-397.16,321.58,108.42,1,0.62195,0.5,0.62279,0
-0.00086165,0.0088876,0,-397.16,321.58,108.42,1,0.62295,0.5,0.62379,0
-0.00086321,0.0088897,0,-394.95,321.23,109.21,1,0.62395,0.5,0.62479,0
-0.00086478,0.0088917,0,-390.12,320.46,110.94,1,0.62495,0.5,0.62579,0
-0.00086636,0.0088938,0,-385.29,319.7,112.67,1,0.62595,0.5,0.62679,0
-0.00086781,0.0088958,0,-374.37,318.96,116.35,1,0.62694,0.5,0.62778,0
-0.00086918,0.0088977,0,-360.13,318.24,121.08,1,0.62794,0.5,0.62878,0
-0.00087051,0.0088998,0,-344.94,316.69,124.25,1,0.62894,0.5,0.62978,0
-0.00087182,0.008902,0,-329.33,314.78,126.73,1,0.62994,0.5,0.63078,0
-0.0008732,0.0089041,0,-320.31,323.5,131.89,1,0.63094,0.5,0.63178,0
-0.00087443,0.0089061,0,-318.87,314.48,128.25,1,0.63194,0.5,0.63278,0
-0.00087563,0.0089081,0,-318.87,314.48,128.25,1,0.63293,0.5,0.63377,0
-0.00087682,0.00891,0,-318.87,314.48,128.25,1,0.63393,0.5,0.63477,0
-0.00087799,0.008912,0,-317.5,319.78,129.41,1,0.63493,0.5,0.63577,0
-0.0008791,0.0089141,0,-312.67,338.58,133.51,1,0.63593,0.5,0.63677,0
-0.00088021,0.0089161,0,-307.83,357.39,137.62,1,0.63693,0.5,0.63777,0
-0.00088126,0.0089182,0,-306.34,363.19,138.89,1,0.63793,0.5,0.63877,0
-0.00088229,0.0089204,0,-306.34,363.19,138.89,1,0.63892,0.5,0.63976,0
-0.00088323,0.0089225,0,-298.79,359.8,142.15,1,0.63992,0.5,0.64076,0
-0.00088411,0.0089245,0,-285.28,353.72,147.99,1,0.64092,0.5,0.64176,0
-0.00088499,0.0089266,0,-271.77,347.65,153.83,1,0.64192,0.5,0.64276,0
-0.00088575,0.0089286,0,-268.89,346.36,155.08,1,0.64292,0.5,0.64376,0
-0.00088646,0.0089307,0,-265.03,359.55,154.47,1,0.64392,0.5,0.64476,0
-0.00088716,0.0089327,0,-260.98,373.39,153.83,1,0.64491,0.5,0.64575,0
-0.00088787,0.0089348,0,-256.93,387.23,153.19,1,0.64591,0.5,0.64675,0
-0.00088855,0.008937,0,-256.03,390.3,153.05,1,0.64691,0.5,0.64775,0
-0.00088922,0.0089391,0,-256.03,390.3,153.05,1,0.64791,0.5,0.64875,0
-0.0008899,0.0089413,0,-256.03,390.3,153.05,1,0.64891,0.5,0.64975,0
-0.00089058,0.0089435,0,-256.03,390.3,153.05,1,0.64991,0.5,0.65075,0
-0.00089118,0.0089455,0,-244.64,387.29,151.25,1,0.6509,0.5,0.65174,0
-0.0008918,0.0089474,0,-223.31,389.5,150.74,1,0.6519,0.5,0.65274,0
-0.0008924,0.0089494,0,-203.32,390.96,151.57,1,0.6529,0.5,0.65374,0
-0.0008929,0.0089517,0,-191.04,388.17,160.04,1,0.6539,0.5,0.65474,0
-0.00089334,0.0089538,0,-185.98,398.84,162.61,1,0.6549,0.5,0.65574,0
-0.00089373,0.0089559,0,-184.57,406.32,163.13,1,0.65589,0.5,0.65674,0
-0.0008941,0.008958,0,-184.22,406.4,163.66,1,0.65689,0.5,0.65773,0
-0.00089446,0.0089601,0,-183.88,406.48,164.2,1,0.65789,0.5,0.65873,0
-0.00089482,0.0089622,0,-183.53,406.55,164.73,1,0.65889,0.5,0.65973,0
-0.00089519,0.0089643,0,-183.19,406.63,165.26,1,0.65989,0.5,0.66073,0
-0.00089543,0.0089663,0,-175.38,410.34,167.34,1,0.66089,0.5,0.66173,0
-0.00089559,0.0089683,0,-162.09,416.7,170.54,1,0.66188,0.5,0.66273,0
-0.00089586,0.0089703,0,-151.55,426.56,167.3,1,0.66288,0.5,0.66372,0
-0.00089615,0.0089723,0,-141.6,436.19,162.52,1,0.66388,0.5,0.66472,0
-0.0008964,0.0089746,0,-127.6,429.06,165.12,1,0.66488,0.5,0.66572,0
-0.00089664,0.0089769,0,-113.95,422.09,167.71,1,0.66588,0.5,0.66672,0
-0.00089674,0.008979,0,-110.95,420.23,169.86,1,0.66688,0.5,0.66772,0
-0.00089686,0.008981,0,-110.85,420.16,169.94,1,0.66787,0.5,0.66872,0
-0.00089699,0.008983,0,-110.85,420.16,169.94,1,0.66887,0.5,0.66971,0
-0.00089711,0.008985,0,-110.85,420.16,169.94,1,0.66987,0.5,0.67071,0
-0.00089722,0.0089871,0,-107.95,427.34,171.08,1,0.67087,0.5,0.67171,0
-0.00089729,0.0089892,0,-100.75,445.21,173.92,1,0.67187,0.5,0.67271,0
-0.00089736,0.0089913,0,-93.538,463.08,176.77,1,0.67287,0.5,0.67371,0
-0.0008974,0.0089935,0,-90.104,471.6,178.13,1,0.67386,0.5,0.67471,0
-0.00089741,0.0089957,0,-90.104,471.6,178.13,1,0.67486,0.5,0.6757,0
-0.00089737,0.0089978,0,-84.791,464.59,175.62,1,0.67586,0.5,0.6767,0
-0.00089731,0.0089999,0,-78.409,456.17,172.61,1,0.67686,0.5,0.6777,0
-0.00089726,0.009002,0,-72.026,447.75,169.61,1,0.67786,0.5,0.6787,0
-0.00089721,0.0090041,0,-64.548,438.44,166.65,1,0.67886,0.5,0.6797,0
-0.00089711,0.0090062,0,-55.183,442.92,166.96,1,0.67985,0.5,0.6807,0
-0.00089695,0.0090083,0,-49.589,459.66,167.3,1,0.68085,0.5,0.68169,0
-0.00089679,0.0090104,0,-43.996,476.4,167.64,1,0.68185,0.5,0.68269,0
-0.00089662,0.0090125,0,-40.946,481.01,169.04,1,0.68285,0.5,0.68369,0
-0.00089644,0.0090146,0,-39.174,479.53,170.98,1,0.68385,0.5,0.68469,0
-0.00089626,0.0090168,0,-37.403,478.05,172.92,1,0.68485,0.5,0.68569,0
-0.00089608,0.0090189,0,-35.632,476.58,174.86,1,0.68584,0.5,0.68669,0
-0.00089591,0.009021,0,-33.86,475.1,176.8,1,0.68684,0.5,0.68768,0
-0.00089573,0.0090232,0,-32.089,473.62,178.75,1,0.68784,0.5,0.68868,0
-0.00089545,0.0090252,0,-22.628,473.5,177.96,1,0.68884,0.5,0.68968,0
-0.00089526,0.0090272,0,-10.476,490.63,172.18,1,0.68984,0.5,0.69068,0
-0.00089507,0.0090293,0,1.7579,507.91,166.15,1,0.69084,0.5,0.69168,0
-0.00089489,0.0090315,0,11.175,518.55,165.66,1,0.69183,0.5,0.69268,0
-0.00089472,0.0090339,0,16.101,518.57,173.98,1,0.69283,0.5,0.69367,0
-0.0008945,0.0090362,0,24.085,515.55,174.42,1,0.69383,0.5,0.69467,0
-0.00089419,0.0090384,0,26.683,512.93,170.28,1,0.69483,0.5,0.69567,0
-0.00089389,0.0090405,0,29.282,510.31,166.14,1,0.69583,0.5,0.69667,0
-0.00089358,0.0090427,0,31.881,507.7,162,1,0.69683,0.5,0.69767,0
-0.00089328,0.0090449,0,34.479,505.08,157.86,1,0.69782,0.5,0.69867,0
-0.00089298,0.009047,0,37.078,502.46,153.72,1,0.69882,0.5,0.69966,0
-0.00089268,0.0090492,0,39.676,499.85,149.58,1,0.69982,0.5,0.70066,0
-0.00089229,0.0090512,0,45.134,503.06,151.77,1,0.70082,0.5,0.70166,0
-0.00089188,0.0090532,0,49.694,507.37,156.58,1,0.70182,0.5,0.70266,0
-0.00089151,0.0090553,0,54.369,513.23,160.91,1,0.70282,0.5,0.70366,0
-0.00089121,0.0090576,0,64.245,514.84,158.87,1,0.70381,0.5,0.70466,0
-0.00089079,0.0090598,0,81.357,542.99,148.8,1,0.70481,0.5,0.70565,0
-0.0008904,0.009062,0,86.608,551.23,146.85,1,0.70581,0.5,0.70665,0
-0.00089002,0.0090642,0,86.069,549.45,148.9,1,0.70681,0.5,0.70765,0
-0.00088964,0.0090664,0,85.53,547.66,150.95,1,0.70781,0.5,0.70865,0
-0.00088927,0.0090686,0,84.991,545.88,153.01,1,0.70881,0.5,0.70965,0
-0.00088889,0.0090709,0,84.452,544.09,155.06,1,0.7098,0.5,0.71065,0
-0.00088851,0.0090731,0,85.324,545.76,156.58,1,0.7108,0.5,0.71164,0
-0.00088813,0.0090753,0,92.337,562.47,155.74,1,0.7118,0.5,0.71264,0
-0.00088774,0.0090775,0,99.302,572.8,154.61,1,0.7128,0.5,0.71364,0
-0.00088731,0.0090798,0,106.16,569.04,152.81,1,0.7138,0.5,0.71464,0
-0.00088688,0.009082,0,112.43,564.65,150.57,1,0.7148,0.5,0.71564,0
-0.00088646,0.0090842,0,115.77,557.09,146.05,1,0.71579,0.5,0.71663,0
-0.00088603,0.0090865,0,119.12,549.54,141.52,1,0.71679,0.5,0.71763,0
-0.00088557,0.0090886,0,119.43,548.84,141.1,1,0.71779,0.5,0.71863,0
-0.00088511,0.0090908,0,119.43,548.84,141.1,1,0.71879,0.5,0.71963,0
-0.00088465,0.009093,0,123.71,558.7,141.77,1,0.71979,0.5,0.72063,0
-0.00088418,0.0090953,0,131.63,576.93,143.01,1,0.72079,0.5,0.72163,0
-0.00088372,0.0090975,0,139.56,595.17,144.24,1,0.72178,0.5,0.72262,0
-0.00088325,0.0090998,0,142.53,602.01,144.71,1,0.72278,0.5,0.72362,0
-0.00088278,0.0091022,0,142.53,602.01,144.71,1,0.72378,0.5,0.72462,0
-0.00088231,0.0091045,0,142.53,602.01,144.71,1,0.72478,0.5,0.72562,0
-0.00088185,0.0091068,0,142.65,599.62,145.93,1,0.72578,0.5,0.72662,0
-0.00088139,0.0091091,0,142.78,597.15,147.21,1,0.72678,0.5,0.72762,0
-0.00088092,0.0091114,0,145.86,590.41,144.7,1,0.72777,0.5,0.72861,0
-0.00088046,0.0091136,0,155.79,599.06,139.12,1,0.72877,0.5,0.72961,0
-0.00088004,0.009116,0,165.75,620.33,136.34,1,0.72977,0.5,0.73061,0
-0.00087956,0.0091184,0,169.1,618.12,136.67,1,0.73077,0.5,0.73161,0
-0.00087909,0.0091207,0,171.85,613.77,137.29,1,0.73177,0.5,0.73261,0
-0.00087862,0.0091231,0,173.93,606.59,136.28,1,0.73277,0.5,0.73361,0
-0.00087817,0.0091255,0,175.26,596.31,133.51,1,0.73376,0.5,0.7346,0
-0.00087767,0.0091277,0,175.34,595.7,133.35,1,0.73476,0.5,0.7356,0
-0.00087717,0.00913,0,175.34,595.7,133.35,1,0.73576,0.5,0.7366,0
-0.00087667,0.0091322,0,175.34,595.7,133.35,1,0.73676,0.5,0.7376,0
-0.00087617,0.0091345,0,179.72,604.59,131.94,1,0.73776,0.5,0.7386,0
-0.0008757,0.0091369,0,190.39,626.25,128.53,1,0.73876,0.5,0.7396,0
-0.00087523,0.0091392,0,201.06,647.91,125.12,1,0.73975,0.5,0.74059,0
-0.00087477,0.0091416,0,206.45,658.86,123.39,1,0.74075,0.5,0.74159,0
-0.00087432,0.0091441,0,206.45,658.86,123.39,1,0.74175,0.5,0.74259,0
-0.00087385,0.0091465,0,206.54,651.55,122.16,1,0.74275,0.5,0.74359,0
-0.00087337,0.0091489,0,206.66,642.16,120.57,1,0.74375,0.5,0.74459,0
-0.0008729,0.0091513,0,206.78,632.76,118.98,1,0.74475,0.5,0.74559,0
-0.00087241,0.0091537,0,206.88,624.49,117.59,1,0.74574,0.5,0.74658,0
-0.00087192,0.0091561,0,215.67,641.46,114.42,1,0.74674,0.5,0.74758,0
-0.00087143,0.0091585,0,225.12,659.74,111.02,1,0.74774,0.5,0.74858,0
-0.00087095,0.0091609,0,234.56,677.97,107.62,1,0.74874,0.5,0.74958,0
-0.00087049,0.0091634,0,234.56,677.97,107.62,1,0.74974,0.5,0.75058,0
-0.00087003,0.0091659,0,234.56,677.97,107.62,1,0.75074,0.5,0.75158,0
-0.00086956,0.0091684,0,234.56,677.97,107.62,1,0.75173,0.5,0.75257,0
-0.0008691,0.0091709,0,234.56,677.97,107.62,1,0.75273,0.5,0.75357,0
-0.00086862,0.0091733,0,231.66,668.87,108.85,1,0.75373,0.5,0.75457,0
-0.00086813,0.0091757,0,229.09,658.75,109.89,1,0.75473,0.5,0.75557,0
-0.00086767,0.0091782,0,238.62,675.81,105.66,1,0.75573,0.5,0.75657,0
-0.00086719,0.0091807,0,248.19,694.96,102.39,1,0.75673,0.5,0.75757,0
-0.00086673,0.0091833,0,253.3,701.5,100.98,1,0.75772,0.5,0.75856,0
-0.00086627,0.0091858,0,251.21,694.65,103.03,1,0.75872,0.5,0.75956,0
-0.0008658,0.0091884,0,249.67,691.87,105.02,1,0.75972,0.5,0.76056,0
-0.00086533,0.0091909,0,248.12,689.08,107.01,1,0.76072,0.5,0.76156,0
-0.00086486,0.0091934,0,246.58,686.3,109,1,0.76172,0.5,0.76256,0
-0.00086439,0.009196,0,245.61,684.55,110.25,1,0.76271,0.5,0.76356,0
-0.00086395,0.0091985,0,251.38,696.69,108.28,1,0.76371,0.5,0.76455,0
-0.00086352,0.0092011,0,260.15,715.16,105.27,1,0.76471,0.5,0.76555,0
-0.00086309,0.0092037,0,268.39,730.46,101.69,1,0.76571,0.5,0.76655,0
-0.00086267,0.0092063,0,272.02,732.1,98.189,1,0.76671,0.5,0.76755,0
-0.00086226,0.0092089,0,272,723.21,94.886,1,0.76771,0.5,0.76855,0
-0.00086185,0.0092116,0,271.97,714.32,91.583,1,0.7687,0.5,0.76955,0
-0.00086144,0.0092142,0,271.94,705.43,88.28,1,0.7697,0.5,0.77054,0
-0.00086103,0.0092168,0,271.92,696.54,84.977,1,0.7707,0.5,0.77154,0
-0.00086059,0.0092193,0,271.92,696.16,84.837,1,0.7717,0.5,0.77254,0
-0.00086016,0.0092219,0,278.9,712.83,83.608,1,0.7727,0.5,0.77354,0
-0.00085974,0.0092244,0,287.76,734.01,82.048,1,0.7737,0.5,0.77454,0
-0.00085933,0.0092271,0,293.47,747.65,81.044,1,0.77469,0.5,0.77554,0
-0.00085894,0.0092298,0,293.47,747.65,81.044,1,0.77569,0.5,0.77653,0
-0.00085855,0.0092324,0,292.27,746.43,81.539,1,0.77669,0.5,0.77753,0
-0.00085815,0.0092351,0,290.97,745.11,82.08,1,0.77769,0.5,0.77853,0
-0.00085776,0.0092378,0,290.88,744.77,81.385,1,0.77869,0.5,0.77953,0
-0.00085735,0.0092405,0,292.81,747.26,79.484,1,0.77969,0.5,0.78053,0
-0.00085697,0.0092432,0,292.05,751.02,82.911,1,0.78068,0.5,0.78153,0
-0.00085657,0.0092459,0,292.16,753.11,84.03,1,0.78168,0.5,0.78252,0
-0.00085618,0.0092486,0,292.16,753.11,84.03,1,0.78268,0.5,0.78352,0
-0.00085579,0.0092513,0,292.16,753.11,84.03,1,0.78368,0.5,0.78452,0
-0.0008554,0.0092541,0,292.16,753.11,84.03,1,0.78468,0.5,0.78552,0
-0.00085503,0.0092568,0,295.92,758.04,82.264,1,0.78568,0.5,0.78652,0
-0.00085466,0.0092596,0,299.86,763.04,80.378,1,0.78667,0.5,0.78752,0
-0.00085429,0.0092623,0,303.81,768.03,78.493,1,0.78767,0.5,0.78851,0
-0.00085393,0.0092651,0,307.76,773.03,76.607,1,0.78867,0.5,0.78951,0
-0.00085357,0.0092679,0,307.9,772.83,76.473,1,0.78967,0.5,0.79051,0
-0.0008532,0.0092707,0,307.9,772.83,76.473,1,0.79067,0.5,0.79151,0
-0.00085284,0.0092734,0,307.9,772.83,76.473,1,0.79167,0.5,0.79251,0
-0.00085248,0.0092762,0,307.9,772.83,76.473,1,0.79266,0.5,0.79351,0
-0.00085213,0.009279,0,311.88,780.35,74.816,1,0.79366,0.5,0.7945,0
-0.00085177,0.0092818,0,321.08,796.51,70.058,1,0.79466,0.5,0.7955,0
-0.00085143,0.0092846,0,326.11,805.2,66.776,1,0.79566,0.5,0.7965,0
-0.00085109,0.0092875,0,324.05,802.56,67.594,1,0.79666,0.5,0.7975,0
-0.00085076,0.0092904,0,321.94,798.03,66.995,1,0.79766,0.5,0.7985,0
-0.00085043,0.0092932,0,320.52,794.99,66.593,1,0.79865,0.5,0.7995,0
-0.00085011,0.0092961,0,320.52,794.99,66.593,1,0.79965,0.5,0.80049,0
-0.00084978,0.0092989,0,320.52,794.99,66.593,1,0.80065,0.5,0.80149,0
-0.00084945,0.0093018,0,320.52,794.99,66.593,1,0.80165,0.5,0.80249,0
-0.00084912,0.0093046,0,321.51,797.31,65.933,1,0.80265,0.5,0.80349,0
-0.0008488,0.0093075,0,322.87,800.45,65.039,1,0.80365,0.5,0.80449,0
-0.00084847,0.0093104,0,324.39,803.99,64.113,1,0.80464,0.5,0.80549,0
-0.00084817,0.0093133,0,330.01,816.65,62.442,1,0.80564,0.5,0.80648,0
-0.00084786,0.0093162,0,335.63,829.32,60.772,1,0.80664,0.5,0.80748,0
-0.00084756,0.0093192,0,341.58,842.71,59.105,1,0.80764,0.5,0.80848,0
-0.00084728,0.0093222,0,341.47,840.45,57.191,1,0.80864,0.5,0.80948,0
-0.00084699,0.0093251,0,340.38,835.08,54.67,1,0.80964,0.5,0.81048,0
-0.0008467,0.0093281,0,339.29,829.7,52.15,1,0.81063,0.5,0.81148,0
-0.00084641,0.009331,0,338.2,824.33,49.63,1,0.81163,0.5,0.81247,0
-0.00084612,0.009334,0,337.1,818.95,47.11,1,0.81263,0.5,0.81347,0
-0.00084584,0.0093369,0,336.01,813.58,44.589,1,0.81363,0.5,0.81447,0
-0.00084555,0.0093399,0,339.98,821.17,42.685,1,0.81463,0.5,0.81547,0
-0.00084528,0.0093429,0,347.58,837.51,40.713,1,0.81563,0.5,0.81647,0
-0.00084501,0.0093458,0,355.18,853.85,38.741,1,0.81662,0.5,0.81747,0
-0.00084474,0.0093489,0,360.03,864.33,37.506,1,0.81762,0.5,0.81846,0
-0.00084448,0.0093519,0,357.07,860.27,39.791,1,0.81862,0.5,0.81946,0
-0.00084422,0.0093549,0,354.1,856.2,42.076,1,0.81962,0.5,0.82046,0
-0.00084396,0.009358,0,351.13,852.13,44.362,1,0.82062,0.5,0.82146,0
-0.0008437,0.009361,0,348.17,848.06,46.647,1,0.82162,0.5,0.82246,0
-0.00084344,0.009364,0,345.2,843.99,48.932,1,0.82261,0.5,0.82346,0
-0.00084319,0.0093671,0,350.09,854.21,47.608,1,0.82361,0.5,0.82445,0
-0.00084294,0.0093701,0,362.87,878.78,42.657,1,0.82461,0.5,0.82545,0
-0.00084269,0.0093732,0,364.3,881.59,40.761,1,0.82561,0.5,0.82645,0
-0.00084248,0.0093763,0,362.98,881.29,41.9,1,0.82661,0.5,0.82745,0
-0.00084226,0.0093795,0,360.28,875.48,40.881,1,0.82761,0.5,0.82845,0
-0.00084204,0.0093826,0,357.58,869.67,39.862,1,0.8286,0.5,0.82944,0
-0.00084183,0.0093857,0,357.28,869.02,39.749,1,0.8296,0.5,0.83044,0
-0.00084161,0.0093888,0,357.28,869.02,39.749,1,0.8306,0.5,0.83144,0
-0.0008414,0.0093919,0,357.28,869.02,39.749,1,0.8316,0.5,0.83244,0
-0.00084118,0.009395,0,358.52,872.05,39.12,1,0.8326,0.5,0.83344,0
-0.00084097,0.0093981,0,361.37,878.99,37.679,1,0.8336,0.5,0.83444,0
-0.00084075,0.0094013,0,364.22,885.93,36.238,1,0.83459,0.5,0.83543,0
-0.00084053,0.0094044,0,367.07,892.88,34.797,1,0.83559,0.5,0.83643,0
-0.00084032,0.0094076,0,367.57,894.37,34.47,1,0.83659,0.5,0.83743,0
-0.00084011,0.0094108,0,367.6,896.23,33.985,1,0.83759,0.5,0.83843,0
-0.00083991,0.009414,0,367.62,898.08,33.499,1,0.83859,0.5,0.83943,0
-0.0008397,0.0094172,0,367.65,899.87,33.03,1,0.83959,0.5,0.84043,0
-0.00083952,0.0094204,0,367.65,899.87,33.03,1,0.84058,0.5,0.84142,0
-0.00083933,0.0094236,0,367.65,899.87,33.03,1,0.84158,0.5,0.84242,0
-0.00083914,0.0094268,0,368.5,902.09,32.79,1,0.84258,0.5,0.84342,0
-0.00083895,0.0094301,0,371.24,909.29,32.013,1,0.84358,0.5,0.84442,0
-0.00083876,0.0094333,0,373.99,916.5,31.236,1,0.84458,0.5,0.84542,0
-0.00083857,0.0094366,0,374.1,918.68,30.475,1,0.84558,0.5,0.84642,0
-0.00083839,0.0094399,0,373.26,919.69,29.473,1,0.84657,0.5,0.84741,0
-0.00083821,0.0094432,0,372.47,920.62,28.54,1,0.84757,0.5,0.84841,0
-0.00083805,0.0094465,0,372.47,920.62,28.54,1,0.84857,0.5,0.84941,0
-0.00083789,0.0094497,0,372.47,920.62,28.54,1,0.84957,0.5,0.85041,0
-0.00083773,0.009453,0,372.47,920.62,28.54,1,0.85057,0.5,0.85141,0
-0.00083757,0.0094563,0,373.01,920.6,27.45,1,0.85157,0.5,0.85241,0
-0.00083741,0.0094596,0,374.16,921.05,25.008,1,0.85256,0.5,0.8534,0
-0.00083725,0.0094629,0,375.32,921.49,22.565,1,0.85356,0.5,0.8544,0
-0.0008371,0.0094662,0,378.47,928.52,22.168,1,0.85456,0.5,0.8554,0
-0.00083694,0.0094695,0,379.62,930.45,21.039,1,0.85556,0.5,0.8564,0
-0.00083679,0.0094729,0,379.06,927.42,18.784,1,0.85656,0.5,0.8574,0
-0.00083664,0.0094762,0,378.49,924.4,16.529,1,0.85756,0.5,0.8584,0
-0.00083649,0.0094795,0,378.33,923.56,15.905,1,0.85855,0.5,0.85939,0
-0.00083634,0.0094828,0,380.78,930.3,15.822,1,0.85955,0.5,0.86039,0
-0.0008362,0.0094862,0,385,941.9,15.679,1,0.86055,0.5,0.86139,0
-0.00083606,0.0094895,0,388.49,951.5,15.561,1,0.86155,0.5,0.86239,0
-0.00083593,0.0094929,0,386.75,949.38,16.382,1,0.86255,0.5,0.86339,0
-0.0008358,0.0094963,0,384.75,946.93,17.326,1,0.86355,0.5,0.86439,0
-0.00083566,0.0094997,0,382.75,944.49,18.27,1,0.86454,0.5,0.86538,0
-0.00083553,0.0095031,0,380.75,942.04,19.214,1,0.86554,0.5,0.86638,0
-0.0008354,0.0095064,0,381.5,944.6,19.266,1,0.86654,0.5,0.86738,0
-0.00083527,0.0095098,0,385.13,954.28,18.862,1,0.86754,0.5,0.86838,0
-0.00083515,0.0095133,0,388.76,963.96,18.458,1,0.86854,0.5,0.86938,0
-0.00083504,0.0095167,0,389.39,965.64,18.388,1,0.86953,0.5,0.87038,0
-0.00083493,0.0095202,0,389.39,965.64,18.388,1,0.87053,0.5,0.87137,0
-0.00083481,0.0095236,0,389.01,963.79,16.795,1,0.87153,0.5,0.87237,0
-0.0008347,0.009527,0,388.62,961.89,15.163,1,0.87253,0.5,0.87337,0
-0.00083459,0.0095305,0,388.71,961.91,13.845,1,0.87353,0.5,0.87437,0
-0.00083447,0.0095339,0,389.16,963.39,12.77,1,0.87453,0.5,0.87537,0
-0.00083436,0.0095373,0,391,968.97,12.81,1,0.87552,0.5,0.87637,0
-0.00083426,0.0095407,0,393.62,976.92,13.491,1,0.87652,0.5,0.87736,0
-0.00083417,0.0095443,0,391.02,972.15,10.693,1,0.87752,0.5,0.87836,0
-0.00083407,0.0095478,0,390.17,970.2,9.1279,1,0.87852,0.5,0.87936,0
-0.00083397,0.0095513,0,389.87,969.14,7.9535,1,0.87952,0.5,0.88036,0
-0.00083387,0.0095547,0,389.81,968.97,7.7537,1,0.88052,0.5,0.88136,0
-0.00083376,0.0095582,0,389.81,968.97,7.7537,1,0.88151,0.5,0.88236,0
-0.00083366,0.0095617,0,390.8,971.38,7.6418,1,0.88251,0.5,0.88335,0
-0.00083357,0.0095652,0,393.91,979.03,7.2875,1,0.88351,0.5,0.88435,0
-0.00083348,0.0095687,0,397.02,986.67,6.9332,1,0.88451,0.5,0.88535,0
-0.00083339,0.0095722,0,398.18,990.35,6.9934,1,0.88551,0.5,0.88635,0
-0.0008333,0.0095758,0,396.32,988.38,7.8123,1,0.88651,0.5,0.88735,0
-0.00083321,0.0095793,0,394.47,986.41,8.6312,1,0.8875,0.5,0.88835,0
-0.00083312,0.0095829,0,392.61,984.44,9.4502,1,0.8885,0.5,0.88934,0
-0.00083303,0.0095864,0,390.76,982.48,10.269,1,0.8895,0.5,0.89034,0
-0.00083294,0.0095899,0,390.46,982.16,10.399,1,0.8905,0.5,0.89134,0
-0.00083285,0.0095935,0,392.62,987.32,10.022,1,0.8915,0.5,0.89234,0
-0.00083277,0.009597,0,395.89,995.17,9.4474,1,0.8925,0.5,0.89334,0
-0.00083268,0.0096006,0,399.17,1003,8.8731,1,0.89349,0.5,0.89434,0
-0.00083261,0.0096042,0,399.74,1004.4,8.7726,1,0.89449,0.5,0.89533,0
-0.00083253,0.0096078,0,399.74,1004.4,8.7726,1,0.89549,0.5,0.89633,0
-0.00083246,0.0096114,0,399.74,1004.4,8.7726,1,0.89649,0.5,0.89733,0
-0.00083239,0.009615,0,399.74,1004.4,8.7726,1,0.89749,0.5,0.89833,0
-0.00083232,0.0096186,0,398.28,1001.4,8.2413,1,0.89849,0.5,0.89933,0
-0.00083224,0.0096221,0,396.31,997.26,6.8918,1,0.89948,0.5,0.90033,0
-0.00083217,0.0096257,0,398.49,1003.2,7.128,1,0.90048,0.5,0.90132,0
-0.00083211,0.0096294,0,400.67,1009.1,7.3643,1,0.90148,0.5,0.90232,0
-0.00083205,0.009633,0,402.27,1013.9,6.932,1,0.90248,0.5,0.90332,0
-0.000832,0.0096366,0,400.39,1010.9,5.86,1,0.90348,0.5,0.90432,0
-0.00083195,0.0096403,0,400.03,1010.2,5.0402,1,0.90448,0.5,0.90532,0
-0.0008319,0.0096439,0,399.66,1009.5,4.2197,1,0.90547,0.5,0.90632,0
-0.00083185,0.0096475,0,399.3,1008.8,3.3987,1,0.90647,0.5,0.90731,0
-0.00083179,0.0096512,0,398.93,1008,2.5777,1,0.90747,0.5,0.90831,0
-0.00083174,0.0096548,0,399.14,1009.5,2.0104,1,0.90847,0.5,0.90931,0
-0.00083169,0.0096584,0,401.37,1015.5,2.6318,1,0.90947,0.5,0.91031,0
-0.00083164,0.0096621,0,403.61,1021.6,3.2532,1,0.91047,0.5,0.91131,0
-0.00083159,0.0096658,0,403.7,1022.9,2.9466,1,0.91146,0.5,0.91231,0
-0.00083154,0.0096694,0,402.01,1020.6,2.7396,1,0.91246,0.5,0.9133,0
-0.00083149,0.0096731,0,400.82,1019.6,3.1873,1,0.91346,0.5,0.9143,0
-0.00083143,0.0096768,0,400.72,1019.5,3.2249,1,0.91446,0.5,0.9153,0
-0.00083138,0.0096804,0,400.72,1019.5,3.2249,1,0.91546,0.5,0.9163,0
-0.00083133,0.0096841,0,400.72,1019.5,3.2249,1,0.91646,0.5,0.9173,0
-0.00083127,0.0096878,0,402.87,1024.5,3.0583,1,0.91745,0.5,0.9183,0
-0.00083122,0.0096915,0,405.15,1029.8,2.8809,1,0.91845,0.5,0.91929,0
-0.00083117,0.0096952,0,406.4,1032.7,2.7844,1,0.91945,0.5,0.92029,0
-0.00083112,0.0096989,0,406.4,1032.7,2.7844,1,0.92045,0.5,0.92129,0
-0.00083108,0.0097026,0,405.78,1033.4,2.6191,1,0.92145,0.5,0.92229,0
-0.00083104,0.0097063,0,404.9,1034.3,2.3845,1,0.92245,0.5,0.92329,0
-0.000831,0.0097101,0,404.03,1035.3,2.1532,1,0.92344,0.5,0.92429,0
-0.00083097,0.0097138,0,404.03,1035.3,2.1532,1,0.92444,0.5,0.92528,0
-0.00083094,0.0097175,0,404.11,1035.4,2.1229,1,0.92544,0.5,0.92628,0
-0.00083091,0.0097213,0,404.19,1035.6,2.0898,1,0.92644,0.5,0.92728,0
-0.00083088,0.009725,0,404.28,1035.7,2.0567,1,0.92744,0.5,0.92828,0
-0.00083085,0.0097287,0,404.3,1035.8,2.0475,1,0.92844,0.5,0.92928,0
-0.00083082,0.0097325,0,404.39,1036.5,2.0559,1,0.92943,0.5,0.93028,0
-0.0008308,0.0097362,0,404.48,1037.3,2.0645,1,0.93043,0.5,0.93127,0
-0.00083077,0.0097399,0,404.53,1037.8,2.0695,1,0.93143,0.5,0.93227,0
-0.00083074,0.0097437,0,404.53,1037.8,2.0695,1,0.93243,0.5,0.93327,0
-0.00083071,0.0097474,0,405.79,1041.1,1.8289,1,0.93343,0.5,0.93427,0
-0.00083069,0.0097512,0,407.53,1045.6,1.4953,1,0.93443,0.5,0.93527,0
-0.00083066,0.0097549,0,408.86,1049.1,1.2418,1,0.93542,0.5,0.93626,0
-0.00083063,0.0097587,0,408.86,1049.1,1.2418,1,0.93642,0.5,0.93726,0
-0.0008306,0.0097625,0,408.51,1048.7,1.0983,1,0.93742,0.5,0.93826,0
-0.00083057,0.0097663,0,407.72,1048,0.77148,1,0.93842,0.5,0.93926,0
-0.00083055,0.0097701,0,406.93,1047.2,0.44463,1,0.93942,0.5,0.94026,0
-0.00083052,0.0097738,0,406.15,1046.4,0.11778,1,0.94042,0.5,0.94126,0
-0.0008305,0.0097776,0,406.73,1048.8,-0.21505,1,0.94141,0.5,0.94225,0
-0.00083047,0.0097814,0,407.62,1051.8,-0.51598,1,0.94241,0.5,0.94325,0
-0.00083045,0.0097852,0,408.37,1054.3,-0.76709,1,0.94341,0.5,0.94425,0
-0.00083042,0.009789,0,408.37,1054.3,-0.76709,1,0.94441,0.5,0.94525,0
-0.00083039,0.0097928,0,408.28,1054.2,-0.62294,1,0.94541,0.5,0.94625,0
-0.00083036,0.0097966,0,407.89,1053.5,-0.02749,1,0.94641,0.5,0.94725,0
-0.00083033,0.0098004,0,407.97,1053.9,0.35565,1,0.9474,0.5,0.94824,0
-0.00083031,0.0098042,0,408.94,1056.5,0.45353,1,0.9484,0.5,0.94924,0
-0.00083028,0.009808,0,409.23,1058,0.95645,1,0.9494,0.5,0.95024,0
-0.00083026,0.0098118,0,408.75,1057.6,0.73235,1,0.9504,0.5,0.95124,0
-0.00083024,0.0098156,0,407.92,1056.2,0.062723,1,0.9514,0.5,0.95224,0
-0.00083022,0.0098194,0,407.62,1055.7,-0.37768,1,0.9524,0.5,0.95324,0
-0.0008302,0.0098233,0,407.45,1055.4,-0.61852,1,0.95339,0.5,0.95423,0
-0.00083018,0.0098271,0,407.45,1055.4,-0.61852,1,0.95439,0.5,0.95523,0
-0.00083016,0.0098309,0,407.78,1056.4,-0.69415,1,0.95539,0.5,0.95623,0
-0.00083015,0.0098347,0,408.67,1059.1,-0.89799,1,0.95639,0.5,0.95723,0
-0.00083013,0.0098385,0,409.47,1061.6,-0.96029,1,0.95739,0.5,0.95823,0
-0.00083012,0.0098424,0,409.68,1062.4,-1.1194,1,0.95839,0.5,0.95923,0
-0.00083011,0.0098462,0,409.58,1062.3,-1.088,1,0.95938,0.5,0.96022,0
-0.0008301,0.00985,0,409.49,1062.3,-1.0566,1,0.96038,0.5,0.96122,0
-0.0008301,0.0098539,0,409.47,1062.3,-1.051,1,0.96138,0.5,0.96222,0
-0.00083009,0.0098577,0,409.47,1062.3,-1.051,1,0.96238,0.5,0.96322,0
-0.00083008,0.0098616,0,409.47,1062.3,-1.051,1,0.96338,0.5,0.96422,0
-0.00083007,0.0098654,0,409.47,1062.3,-1.051,1,0.96438,0.5,0.96522,0
-0.00083006,0.0098692,0,409.54,1062.8,-1.0436,1,0.96537,0.5,0.96621,0
-0.00083006,0.0098731,0,409.73,1063.9,-0.66855,1,0.96637,0.5,0.96721,0
-0.00083005,0.0098769,0,409.94,1065.1,-0.17772,1,0.96737,0.5,0.96821,0
-0.00083004,0.0098807,0,409.76,1065.4,-0.37697,1,0.96837,0.5,0.96921,0
-0.00083003,0.0098846,0,409.52,1065.6,-0.66499,1,0.96937,0.5,0.97021,0
-0.00083002,0.0098885,0,409.42,1065.7,-0.72659,1,0.97037,0.5,0.97121,0
-0.00083001,0.0098923,0,409.42,1065.7,-0.72659,1,0.97136,0.5,0.9722,0
-0.00083,0.0098962,0,409.42,1065.7,-0.72659,1,0.97236,0.5,0.9732,0
-0.00082999,0.0099,0,409.42,1065.7,-0.72659,1,0.97336,0.5,0.9742,0
-0.00082998,0.0099039,0,409.42,1065.7,-0.72659,1,0.97436,0.5,0.9752,0
-0.00082997,0.0099077,0,409.81,1067.1,-0.72838,1,0.97536,0.5,0.9762,0
-0.00082996,0.0099116,0,410.25,1068.6,-0.73037,1,0.97635,0.5,0.9772,0
-0.00082996,0.0099154,0,410.69,1070.1,-0.73236,1,0.97735,0.5,0.97819,0
-0.00082995,0.0099193,0,410.64,1070.2,-0.68296,1,0.97835,0.5,0.97919,0
-0.00082995,0.0099232,0,410.5,1069.9,-0.61399,1,0.97935,0.5,0.98019,0
-0.00082994,0.009927,0,410.36,1069.7,-0.54502,1,0.98035,0.5,0.98119,0
-0.00082994,0.0099309,0,410.22,1069.4,-0.47605,1,0.98135,0.5,0.98219,0
-0.00082994,0.0099348,0,410.1,1069.2,-0.4178,1,0.98234,0.5,0.98319,0
-0.00082993,0.0099386,0,410.1,1069.2,-0.4178,1,0.98334,0.5,0.98418,0
-0.00082993,0.0099425,0,410.15,1069.4,-0.3928,1,0.98434,0.5,0.98518,0
-0.00082992,0.0099464,0,410.35,1070.1,-0.29573,1,0.98534,0.5,0.98618,0
-0.00082992,0.0099502,0,410.55,1070.9,-0.19864,1,0.98634,0.5,0.98718,0
-0.00082991,0.0099541,0,410.75,1071.6,-0.10155,1,0.98734,0.5,0.98818,0
-0.00082991,0.009958,0,410.78,1071.7,-0.089132,1,0.98833,0.5,0.98918,0
-0.00082991,0.0099619,0,410.79,1071.7,-0.091683,1,0.98933,0.5,0.99017,0
-0.00082991,0.0099657,0,410.81,1071.7,-0.10206,1,0.99033,0.5,0.99117,0
-0.0008299,0.0099696,0,410.83,1071.8,-0.11244,1,0.99133,0.5,0.99217,0
-0.0008299,0.0099735,0,410.85,1071.8,-0.11862,1,0.99233,0.5,0.99317,0
-0.0008299,0.0099774,0,410.85,1071.8,-0.11862,1,0.99333,0.5,0.99417,0
-0.0008299,0.0099812,0,410.85,1071.8,-0.11862,1,0.99432,0.5,0.99517,0
-0.00082989,0.0099851,0,410.85,1071.8,-0.11862,1,0.99532,0.5,0.99616,0
-0.00082989,0.009989,0,410.82,1071.8,-0.10922,1,0.99632,0.5,0.99716,0
-0.00082989,0.0099929,0,410.24,1071.6,0.023588,1,0.99732,0.5,0.99816,0
nan,nan,nan,nan,nan,nan,0,0.99832,0.5,0.99916,0
